d,θ1,Δ,T1,T2,rss,param_count,n_trials,bic
9.773238345999438e-5,0.9855427814378689,0.10753915133611429,735.14007034288,1350.5157635415337,0.0749154886308197,5,4589,-268.8792574475486
