pda,ana,mean_ll,diff
-16.567448323267318,-16.64938511760428,-16.608416720435798,0.08193679433696133
-16.79026236871458,-16.664234254599272,-16.727248311656925,-0.12602811411530723
-18.326462388677612,-18.477860179445685,-18.40216128406165,0.15139779076807258
-19.44259181952191,-19.182573828979226,-19.31258282425057,-0.26001799054268204
-19.201016936349866,-19.332447163655637,-19.26673205000275,0.13143022730577059
-19.547777372994954,-19.482973711079126,-19.51537554203704,-0.06480366191582831
-16.39316068750678,-16.353552593899575,-16.37335664070318,-0.03960809360720319
-17.773221837263765,-17.911274789210225,-17.842248313236993,0.1380529519464595
-15.070737037894107,-15.059503794459324,-15.065120416176715,-0.01123324343478238
-17.400559714801958,-17.387735436124494,-17.394147575463226,-0.012824278677463496
-18.355795027666904,-18.096942465919952,-18.226368746793426,-0.25885256174695215
-15.29156057675035,-15.411619588330286,-15.351590082540318,0.12005901157993648
-21.777053158702575,-21.009657845671246,-21.39335550218691,-0.7673953130313294
-16.277349433425492,-16.140996772068995,-16.209173102747243,-0.13635266135649715
-17.189693396783305,-17.03590380209841,-17.112798599440858,-0.15378959468489484
-16.128464983543886,-16.221647253825974,-16.175056118684928,0.09318227028208881
-16.985223228626545,-16.655060997371592,-16.82014211299907,-0.3301622312549526
-15.512722602764313,-15.259392367118902,-15.386057484941608,-0.2533302356454108
-15.759134950302537,-15.657066849143316,-15.708100899722925,-0.1020681011592206
-18.7733224884834,-18.58462625237261,-18.678974370428005,-0.18869623611079334
-21.77878272671177,-21.49183692448147,-21.63530982559662,-0.28694580223030286
-16.473041678361675,-16.356470154216545,-16.41475591628911,-0.1165715241451295
-16.840212140112484,-16.87542853334762,-16.85782033673005,0.03521639323513526
-17.870634765772106,-17.765308380962892,-17.8179715733675,-0.10532638480921364
-18.12962645425485,-18.229770138830435,-18.179698296542643,0.10014368457558476
-18.201873557962127,-18.6202768025133,-18.411075180237713,0.41840324455117184
-15.669460745609328,-15.658577621483094,-15.66401918354621,-0.010883124126234378
-17.377045351894967,-17.324546742599335,-17.35079604724715,-0.05249860929563255
-18.59218597997846,-18.746612346368998,-18.66939916317373,0.1544263663905383
-18.455787637072927,-18.50401328790098,-18.479900462486953,0.04822565082805497
-18.10899005713543,-17.638428485102203,-17.873709271118816,-0.4705615720332261
-17.97477479340742,-17.886201790567632,-17.930488291987526,-0.08857300283978731
-18.236120598594326,-18.118562420022876,-18.1773415093086,-0.1175581785714499
-16.977714735861262,-16.97704388770395,-16.977379311782606,-0.0006708481573127756
-16.11451310089641,-16.05244376136397,-16.08347843113019,-0.06206933953243876
-18.69228797305635,-18.549750647925485,-18.621019310490915,-0.14253732513086348
-16.981110244508812,-17.009984893603292,-16.99554756905605,0.028874649094479565
-15.363486570426947,-15.393673787169197,-15.378580178798071,0.030187216742250556
-17.308737488343205,-17.404199868890906,-17.356468678617055,0.09546238054770129
-17.7613018532519,-17.75914551751631,-17.760223685384105,-0.002156335735591597
-15.424397962184981,-15.218279164891282,-15.32133856353813,-0.20611879729369953
-15.505868561239032,-15.24490026134001,-15.37538441128952,-0.26096829989902126
-16.562062053893357,-16.312715657992126,-16.437388855942743,-0.24934639590123098
-17.86793284416876,-18.05003557463173,-17.958984209400242,0.18210273046296876
-17.387262977798535,-17.2822741283418,-17.33476855307017,-0.10498884945673481
-17.371383701872297,-17.174164299249757,-17.27277400056103,-0.19721940262254023
-15.062681291246069,-15.2741334169576,-15.168407354101834,0.21145212571153138
-22.436405221576564,-22.854575105883512,-22.645490163730038,0.41816988430694835
-17.657340090394673,-17.547156679548806,-17.602248384971737,-0.1101834108458668
-17.877679799514038,-18.26834395965696,-18.0730118795855,0.39066416014292216
-21.436761617394975,-21.33322948362438,-21.38499555050968,-0.10353213377059589
-19.671877572814736,-19.481115539623705,-19.57649655621922,-0.19076203319103158
-16.16383845080675,-15.968336307466505,-16.066087379136626,-0.19550214334024574
-15.595127863925367,-15.24658767467205,-15.420857769298708,-0.34854018925331687
-16.26734175198158,-16.09289354253172,-16.18011764725665,-0.17444820944986006
-16.555425738224457,-16.529875067800656,-16.54265040301256,-0.02555067042380088
-16.393467270062718,-16.46021333719098,-16.426840303626847,0.06674606712826048
-15.342680789012254,-15.276450719719342,-15.3095657543658,-0.06623006929291186
-16.291960857790823,-16.374318800820173,-16.333139829305498,0.08235794302935062
-15.700248603763226,-15.57294838134526,-15.636598492554242,-0.12730022241796668
-16.7860693691575,-16.850150933894717,-16.818110151526106,0.0640815647372186
-15.780965553685057,-15.73595462435367,-15.758460089019364,-0.04501092933138651
-18.63591758466476,-18.817984830023015,-18.726951207343888,0.18206724535825458
-19.79981166518263,-19.712576772196996,-19.756194218689814,-0.08723489298563436
-18.04258458946559,-18.350222616215504,-18.196403602840547,0.30763802674991325
-17.155843024027742,-17.106047970673053,-17.130945497350396,-0.049795053354689145
-16.263323971129772,-16.267293351424275,-16.265308661277025,0.003969380294503111
-16.902573579304867,-16.951868084936155,-16.92722083212051,0.04929450563128768
-16.32567121449742,-16.170745467706265,-16.248208341101844,-0.15492574679115378
-19.38510240229423,-19.242582420508384,-19.313842411401307,-0.14251998178584557
-17.38891267823407,-17.35552401522098,-17.372218346727525,-0.03338866301309196
-17.27331057982787,-16.96564672862914,-17.119478654228505,-0.30766385119873263
-20.44792917377014,-20.725821639551686,-20.586875406660916,0.2778924657815445
-17.862884217791436,-18.08062540306001,-17.971754810425722,0.21774118526857578
-18.037538556543858,-18.050995011444996,-18.044266783994427,0.01345645490113867
-17.935370751664838,-17.71335349558873,-17.824362123626784,-0.22201725607610712
-17.399874687583168,-17.37166102157767,-17.38576785458042,-0.028213666005498794
-18.371662545614456,-18.493688359064436,-18.432675452339446,0.12202581344998009
-15.579854878644145,-15.432519981528555,-15.50618743008635,-0.14733489711558967
-16.821139751501047,-16.634113733827277,-16.727626742664164,-0.18702601767376947
-14.82697083525539,-14.77755138374141,-14.8022611094984,-0.049419451513980306
-15.6596947689826,-15.706955783835156,-15.683325276408878,0.047261014852555405
-16.483214056890272,-16.441097094980094,-16.462155575935185,-0.04211696191017822
-19.399350367210324,-19.0839081346896,-19.241629250949963,-0.31544223252072356
-15.176299417851785,-15.15158598002634,-15.163942698939064,-0.02471343782544544
-15.95738401273823,-15.986372022926133,-15.971878017832182,0.028988010187903868
-16.8510740901562,-17.279032562696496,-17.065053326426348,0.42795847254029695
-17.854473887689874,-17.616370848539077,-17.735422368114477,-0.238103039150797
-17.221483810682326,-17.160409957008184,-17.190946883845257,-0.06107385367414153
-15.34751372378676,-15.140615284593746,-15.244064504190252,-0.20689843919301332
-16.515151218899838,-16.396328432445813,-16.455739825672826,-0.11882278645402522
-16.379793261807144,-16.318565658162274,-16.34917945998471,-0.06122760364486979
-17.501427046232596,-17.31047813974387,-17.405952592988235,-0.19094890648872465
-15.25892027338887,-15.267625101240508,-15.26327268731469,0.008704827851637731
-16.19161983564662,-16.17969683366549,-16.185658334656054,-0.011923001981131165
-17.031290651952613,-17.49870311296891,-17.264996882460764,0.4674124610162984
-16.36709522287759,-16.236962820601953,-16.30202902173977,-0.13013240227563827
-15.269794407399303,-15.162645314389547,-15.216219860894425,-0.10714909300975606
-16.621572064903685,-16.553224391184614,-16.58739822804415,-0.06834767371907091
-16.16580718719079,-16.267531581545562,-16.216669384368174,0.10172439435477187
-18.87300618274321,-18.881067532159534,-18.877036857451372,0.008061349416323083
-18.53437746861666,-18.569054249514586,-18.551715859065624,0.03467678089792514
-16.680288911500543,-16.513735454672535,-16.59701218308654,-0.1665534568280087
-19.449425109601393,-19.100158474922353,-19.274791792261873,-0.34926663467904007
-20.963001022527457,-20.93569635194585,-20.949348687236654,-0.027304670581607127
-16.376897634743415,-16.321146200776184,-16.3490219177598,-0.05575143396723092
-14.709998004123834,-14.541837808385148,-14.625917906254491,-0.168160195738686
-19.01851265598442,-19.396478150379757,-19.207495403182087,0.3779654943953368
-16.097605230099614,-15.904435974087981,-16.001020602093796,-0.19316925601163248
-20.141655251838497,-20.825775840500537,-20.483715546169517,0.6841205886620401
-19.707070648464956,-19.98170088107218,-19.844385764768568,0.2746302326072225
-15.649880133241938,-15.291223629947648,-15.470551881594794,-0.35865650329428966
-16.171321865817653,-16.271600510371673,-16.221461188094665,0.10027864455402025
-18.13061539586492,-18.211598243063005,-18.17110681946396,0.08098284719808646
-17.858872931062333,-17.81461794395551,-17.836745437508924,-0.04425498710682163
-14.996581951010352,-14.962561956785299,-14.979571953897825,-0.034019994225053196
-16.221936928177666,-16.34614161574531,-16.28403927196149,0.12420468756764436
-16.968532515261984,-17.027892139008213,-16.9982123271351,0.05935962374622861
-18.433516739396207,-18.3664676822391,-18.399992210817654,-0.06704905715710652
-17.738121925577424,-17.629972847076463,-17.684047386326945,-0.10814907850096134
-20.271798036655913,-19.71679607090168,-19.994297053778794,-0.5550019657542329
-16.492259079519553,-16.503071884248047,-16.4976654818838,0.010812804728494996
-15.199220375319333,-15.34056187424,-15.269891124779667,0.14134149892066716
-17.29021953493404,-17.313569418950983,-17.30189447694251,0.0233498840169446
-16.446230595365822,-16.358126472483534,-16.402178533924676,-0.08810412288228875
-17.100424467834603,-17.02509807892065,-17.062761273377625,-0.07532638891395393
-15.994821581120739,-15.906793479577994,-15.950807530349365,-0.08802810154274532
-19.742735391683258,-19.145254793459394,-19.443995092571328,-0.5974805982238642
-18.371451589864442,-18.281055937553358,-18.3262537637089,-0.09039565231108426
-15.083646118310465,-15.020513281654111,-15.052079699982288,-0.06313283665635439
-16.870736155773447,-16.921734046612734,-16.896235101193092,0.05099789083928741
-18.39904327398008,-18.14770200107656,-18.27337263752832,-0.25134127290352026
-15.925521660480031,-15.780290125989932,-15.852905893234983,-0.14523153449009918
-16.402561506521067,-16.374924518383366,-16.388743012452217,-0.02763698813770077
-22.235688738130467,-22.425479976149028,-22.33058435713975,0.1897912380185609
-16.205481604508506,-16.196048528035362,-16.200765066271934,-0.009433076473143842
-18.178499590672967,-18.146237726361754,-18.16236865851736,-0.03226186431121292
-16.790718576364068,-16.885085942082377,-16.83790225922322,0.09436736571830906
-15.993031039637964,-15.771284580832058,-15.882157810235011,-0.2217464588059066
-19.062309059778663,-18.913901707629797,-18.98810538370423,-0.14840735214886536
-17.029784223936595,-17.08877579128827,-17.059280007612433,0.058991567351675656
-18.245622864367043,-18.214079631096098,-18.22985124773157,-0.03154323327094488
-15.662089737654462,-15.670561797770116,-15.666325767712289,0.008472060115654045
-15.868925400064567,-15.694580140068389,-15.781752770066479,-0.17434525999617811
-16.50174406444052,-16.548695261129648,-16.525219662785084,0.04695119668912895
-17.297604959984497,-17.13160023895366,-17.214602599469078,-0.16600472103083774
-17.36174094959642,-17.042721289456235,-17.202231119526328,-0.3190196601401851
-21.21715183923705,-20.23750153216543,-20.727326685701243,-0.9796503070716192
-18.621088620124798,-18.571286244851315,-18.59618743248806,-0.04980237527348308
-16.94237206394657,-16.828283841873272,-16.885327952909922,-0.11408822207329905
-15.589911320586918,-15.596930856773076,-15.593421088679996,0.007019536186158248
-17.846395782728436,-17.79726227409991,-17.82182902841417,-0.04913350862852539
-19.14977592970942,-19.029840700324996,-19.08980831501721,-0.11993522938442425
-15.861261483112596,-15.638224281619372,-15.749742882365984,-0.2230372014932236
-16.51920071933777,-16.404568723243536,-16.46188472129065,-0.11463199609423569
-17.90325027461058,-17.731121745404696,-17.81718601000764,-0.17212852920588517
-18.129850589107477,-18.05494681320342,-18.092398701155446,-0.07490377590405828
-16.50550460267139,-16.524782780968707,-16.51514369182005,0.019278178297316373
-16.766625950605146,-16.689720124222944,-16.728173037414045,-0.07690582638220178
-21.41171705292357,-23.198940879215264,-22.305328966069418,1.7872238262916937
-15.939440254326168,-15.761016834899063,-15.850228544612616,-0.17842341942710505
-16.844565440202047,-16.840100762235593,-16.84233310121882,-0.004464677966453223
-16.696772835725277,-16.832079038289486,-16.76442593700738,0.1353062025642089
-17.391514243175692,-17.472870331524092,-17.432192287349892,0.08135608834840014
-18.592405066810784,-18.4559313741574,-18.524168220484093,-0.13647369265338227
-18.821401191095838,-18.734714187624135,-18.778057689359986,-0.08668700347170244
-15.378023665705204,-15.369296501968314,-15.373660083836759,-0.00872716373688931
-18.541756640695105,-18.539960072084376,-18.54085835638974,-0.0017965686107288548
-17.13268628954953,-17.173638565521664,-17.153162427535598,0.0409522759721348
-18.235156506137763,-18.318353156701626,-18.276754831419694,0.08319665056386327
-17.654393494942518,-17.604240362374448,-17.629316928658483,-0.05015313256807019
-17.989106199677337,-18.041513868380896,-18.015310034029117,0.05240766870355884
-19.70212474696471,-19.538557793921882,-19.620341270443298,-0.1635669530428281
-15.988537485145049,-15.795903343582864,-15.892220414363956,-0.19263414156218417
-17.922948236189438,-17.842561978340047,-17.882755107264742,-0.08038625784939057
-16.731320630434457,-16.699584589285802,-16.71545260986013,-0.03173604114865469
-17.35276037572607,-17.377663133597004,-17.365211754661537,0.0249027578709331
-15.803539009027384,-15.726304349340683,-15.764921679184035,-0.07723465968670062
-17.584304597574576,-17.868405456639046,-17.726355027106813,0.2841008590644698
-15.766362264087846,-15.648858335187022,-15.707610299637434,-0.11750392890082395
-16.73316228814184,-16.719372750722027,-16.726267519431936,-0.01378953741981448
-18.59769033073357,-18.218586852669432,-18.4081385917015,-0.37910347806413824
-17.057456190613916,-16.934030439516853,-16.995743315065383,-0.12342575109706289
-14.985738239491523,-14.97680469643338,-14.98127146796245,-0.0089335430581432
-20.35396517470263,-20.02560739308319,-20.18978628389291,-0.32835778161943807
-19.81985359044824,-19.432369958770316,-19.626111774609278,-0.38748363167792377
-15.82181605036444,-15.695500185518227,-15.758658117941334,-0.12631586484621238
-17.985150143304953,-17.881759618006292,-17.933454880655624,-0.10339052529866066
-17.5201858939575,-17.45010166985533,-17.485143781906416,-0.07008422410217108
-19.33733595536148,-18.997603020352983,-19.167469487857232,-0.3397329350084952
-16.78431262053834,-16.787633510338832,-16.785973065438586,0.0033208898004915
-18.3985165161788,-18.299530814773796,-18.349023665476295,-0.0989857014050024
-15.855978128626445,-15.787667455553631,-15.821822792090039,-0.0683106730728138
-17.64420012096379,-17.770942217536152,-17.707571169249974,0.1267420965723609
-17.373749529815353,-17.436523824140195,-17.405136676977776,0.06277429432484283
-18.905525862606986,-18.596832948204163,-18.751179405405573,-0.30869291440282254
-16.92591083786942,-16.89996158321876,-16.91293621054409,-0.02594925465065856
-18.922132920628602,-19.07082572520136,-18.99647932291498,0.14869280457275735
-17.826660876428388,-17.910010217028155,-17.86833554672827,0.08334934059976717
-17.50963926923885,-17.446411076960313,-17.47802517309958,-0.06322819227853671
-15.483592209924097,-15.379284248550547,-15.431438229237322,-0.10430796137355003
-14.980969363491743,-14.934801155602136,-14.95788525954694,-0.046168207889607515
-19.38174459915081,-19.149917500073286,-19.265831049612046,-0.23182709907752397
-16.118686279916005,-16.121950020776122,-16.120318150346066,0.003263740860116826
-17.55691652900971,-17.82726920229306,-17.692092865651382,0.27035267328335166
-17.68045309062898,-17.543065180376324,-17.611759135502652,-0.13738791025265584
-16.313232159593436,-16.248934176437945,-16.28108316801569,-0.06429798315549107
-17.34650227720147,-17.333559141122276,-17.340030709161873,-0.012943136079194062
-17.335987777866674,-19.626593642250086,-18.48129071005838,2.290605864383412
-16.7843012015863,-16.810250514889333,-16.797275858237818,0.02594931330303396
-17.542795508204257,-17.572572049629393,-17.557683778916825,0.02977654142513586
-17.02958325005983,-16.830947559535204,-16.930265404797517,-0.19863569052462537
-18.36547081522169,-18.22351947130301,-18.294495143262353,-0.1419513439186808
-15.54505655454097,-15.242768679966002,-15.393912617253486,-0.30228787457496864
-15.444688485023786,-15.502289182108715,-15.47348883356625,0.05760069708492921
-16.050559511751572,-16.022271832897633,-16.0364156723246,-0.028287678853939013
-15.17215215520467,-15.175366335937452,-15.17375924557106,0.003214180732783234
-17.895740120453738,-17.934658159277394,-17.915199139865564,0.038918038823656076
-15.291954750363553,-15.061098435770084,-15.176526593066818,-0.23085631459346878
-15.890812733571599,-15.8620318431729,-15.87642228837225,-0.028780890398698133
-16.498775478305443,-16.540668612258003,-16.519722045281725,0.041893133952559225
-15.325450043857659,-15.254029090199976,-15.289739567028818,-0.07142095365768242
-18.26543295643926,-18.151523256047575,-18.20847810624342,-0.1139097003916838
-19.84455265440373,-19.89269019966899,-19.86862142703636,0.04813754526525926
-16.801599093775994,-16.61522488321699,-16.708411988496493,-0.1863742105590056
-19.662034747427203,-19.532575153196873,-19.597304950312036,-0.1294595942303296
-18.658742946219306,-18.73645512004198,-18.697599033130643,0.07771217382267537
-16.294058490908427,-16.34853048066057,-16.3212944857845,0.05447198975214462
-16.120469521962512,-16.077304177687573,-16.098886849825043,-0.04316534427493934
-17.249165387954854,-17.3378925864241,-17.293528987189475,0.08872719846924682
-17.36066577126473,-17.263685295081068,-17.312175533172898,-0.09698047618366346
-20.556799201750522,-20.40139056962773,-20.479094885689126,-0.15540863212279277
-17.081538157025978,-16.95906600974326,-17.02030208338462,-0.12247214728271771
-19.75657947200884,-20.18075867542104,-19.968669073714942,0.42417920341219784
-16.59762587385339,-16.58691446342251,-16.59227016863795,-0.010711410430879198
-20.194526121930263,-19.733695596598047,-19.964110859264153,-0.46083052533221647
-15.327715991524737,-15.264914172447252,-15.296315081985995,-0.06280181907748528
-16.057757861778047,-15.886213408793699,-15.971985635285872,-0.17154445298434773
-16.108622711640553,-16.158091753041802,-16.133357232341176,0.04946904140124886
-16.44826487312268,-16.655187022981302,-16.551725948051992,0.20692214985862023
-17.558257116604466,-17.587338392546954,-17.57279775457571,0.029081275942488105
-17.410049548512085,-17.370835720605584,-17.390442634558834,-0.03921382790650085
-18.37655942600027,-18.542831062119088,-18.45969524405968,0.16627163611881812
-17.76578631803699,-17.91302121355204,-17.839403765794515,0.14723489551504798
-17.328966885567834,-17.263171124959385,-17.29606900526361,-0.06579576060844872
-19.41006413829941,-18.903446219388687,-19.15675517884405,-0.5066179189107238
-18.798098332584946,-18.532175205810034,-18.66513676919749,-0.26592312677491137
-19.261894651748616,-18.894684890307033,-19.078289771027826,-0.36720976144158257
-15.038081842212108,-15.042915851206438,-15.040498846709273,0.004834008994329508
-14.337105076114232,-14.248157300764337,-14.292631188439284,-0.08894777534989551
-17.27297860588035,-17.423576706879867,-17.34827765638011,0.15059810099951676
-16.698730020115097,-16.68088358234953,-16.689806801232315,-0.017846437765566492
-19.346522664568734,-19.279951768171053,-19.31323721636989,-0.06657089639768188
-15.575480017542391,-15.63303671265848,-15.604258365100435,0.057556695116089074
-15.069913150303414,-14.887568679570629,-14.97874091493702,-0.1823444707327848
-19.09575101641967,-18.71144370011318,-18.903597358266424,-0.38430731630649007
-19.252127624457064,-19.286176543219078,-19.269152083838073,0.034048918762014324
-17.031383906494526,-17.083932090483717,-17.05765799848912,0.0525481839891917
-15.189896617041374,-15.050762015742396,-15.120329316391885,-0.13913460129897715
-16.17491821454024,-16.14188168234993,-16.158399948445087,-0.03303653219031233
-15.865415551875357,-16.068925947543647,-15.967170749709503,0.20351039566829066
-18.7129831114526,-18.448745408116842,-18.580864259784722,-0.264237703335759
-17.735883468968275,-17.517994788604533,-17.626939128786404,-0.21788868036374254
-16.516441890357342,-16.722589543577644,-16.61951571696749,0.20614765322030237
-15.02064132615406,-14.92868493804879,-14.974663132101425,-0.09195638810527029
-18.68123392984643,-18.434483522519052,-18.557858726182744,-0.2467504073273794
-15.370331277589152,-15.267863604907756,-15.319097441248454,-0.10246767268139578
-17.550546947537768,-17.462612133765848,-17.506579540651806,-0.0879348137719198
-18.651188294332208,-18.639792732232788,-18.645490513282496,-0.01139556209941972
-16.487757935239557,-16.217768754263837,-16.352763344751697,-0.26998918097572044
-16.907435315306152,-16.8042327784794,-16.855834046892774,-0.10320253682675329
-15.363313868362402,-15.373550695834059,-15.36843228209823,0.01023682747165644
-17.0213537891069,-17.315563296035407,-17.168458542571152,0.29420950692850667
-20.394340289746214,-20.629743065998767,-20.51204167787249,0.23540277625255257
-17.038475750035733,-17.153728352996893,-17.09610205151631,0.11525260296116002
-16.879676364962897,-16.753042471274803,-16.81635941811885,-0.1266338936880942
-18.10303071389003,-17.931548199303833,-18.01728945659693,-0.17148251458619512
-15.335416455440946,-15.240317345954043,-15.287866900697495,-0.09509910948690248
-21.78636328548989,-21.71829356441838,-21.752328424954136,-0.06806972107150955
-18.16217071270415,-17.66680017732828,-17.914485445016215,-0.4953705353758693
-16.880003764109713,-16.85591606314598,-16.867959913627846,-0.024087700963733027
-16.13174079715315,-15.985617014562933,-16.05867890585804,-0.14612378259021597
-15.900195151170392,-15.991689899835407,-15.9459425255029,0.09149474866501528
-17.28919890757278,-17.201895736532293,-17.245547322052538,-0.08730317104048524
-18.749684009126213,-18.381883345735105,-18.56578367743066,-0.3678006633911082
-17.696849781579257,-17.63899965732281,-17.667924719451033,-0.05785012425644709
-15.931159478418213,-15.834832170081174,-15.882995824249694,-0.09632730833703818
-16.4095048381584,-16.377102629387608,-16.393303733773003,-0.032402208770793806
-14.936435012151126,-14.738949947853875,-14.8376924800025,-0.19748506429725055
-15.772942649469696,-15.499282688143229,-15.636112668806462,-0.27365996132646764
-21.855746183533864,-22.066243382825316,-21.96099478317959,0.21049719929145283
-17.934526764231528,-17.90841493011594,-17.921470847173733,-0.02611183411558926
-15.378741631407879,-15.381509866536868,-15.380125748972374,0.0027682351289897156
-15.824940384665684,-15.952551660400108,-15.888746022532896,0.12761127573442366
-15.086713650431353,-14.987200634074405,-15.036957142252879,-0.09951301635694776
-15.83248265245898,-15.637934935814716,-15.735208794136849,-0.19454771664426396
-16.880528018461682,-16.920591202641248,-16.900559610551465,0.04006318417956578
-16.17367379066154,-16.273898060128644,-16.22378592539509,0.10022426946710539
-16.115160954339263,-16.231824351175042,-16.173492652757155,0.11666339683577931
-15.759870346454,-15.636953481783795,-15.698411914118898,-0.12291686467020568
-15.781645040229979,-15.648537409971082,-15.71509122510053,-0.1331076302588965
-18.89786129743007,-18.867517572856386,-18.882689435143227,-0.030343724573683062
-16.845214720127515,-17.156245484301913,-17.000730102214714,0.31103076417439723
-16.030603036923583,-15.909785003997914,-15.970194020460749,-0.12081803292566917
-17.8663760103154,-17.65068982461446,-17.75853291746493,-0.2156861857009389
-18.49584592964807,-18.46042866584796,-18.478137297748013,-0.035417263800109566
-16.48443218818343,-16.467958639771247,-16.476195413977337,-0.016473548412182737
-16.487501218524823,-16.439995669397227,-16.463748443961023,-0.04750554912759597
-16.29027242971993,-16.310011105361298,-16.300141767540616,0.01973867564136711
-15.635792105583866,-15.464631031776975,-15.550211568680421,-0.17116107380689094
-16.45834294779769,-16.68404932494353,-16.57119613637061,0.22570637714584052
-16.917588406460006,-17.44647920384061,-17.182033805150308,0.5288907973806047
-15.996196425478836,-16.207018361133898,-16.101607393306367,0.21082193565506202
-15.668511235135004,-15.386773882967788,-15.527642559051396,-0.28173735216721596
-16.31657597543307,-16.252864481058214,-16.284720228245643,-0.06371149437485712
-16.036379639913914,-16.009036817841814,-16.022708228877864,-0.027342822072100148
-16.931795552898574,-17.01488414068919,-16.973339846793884,0.08308858779061623
-16.157221157373616,-16.06008737852344,-16.10865426794853,-0.09713377885017493
-15.67456194803665,-15.671649255441793,-15.673105601739222,-0.0029126925948581572
-15.749831161676951,-15.743088223230366,-15.746459692453659,-0.006742938446585356
-15.303677257313273,-15.284267155083011,-15.293972206198141,-0.019410102230262183
-17.42042807419934,-17.484592599759818,-17.45251033697958,0.06416452556047858
-15.375196419806278,-15.198809770839103,-15.28700309532269,-0.17638664896717415
-16.28414609739552,-16.216997995985338,-16.25057204669043,-0.0671481014101829
-16.3097375980688,-16.28740400256757,-16.298570800318185,-0.022333595501230263
-18.303449089569927,-18.23658966882619,-18.27001937919806,-0.06685942074373585
-17.77952995143572,-17.72589838816723,-17.752714169801475,-0.053631563268488947
-16.898605881737176,-17.05054822343815,-16.974577052587662,0.15194234170097332
-16.4670765986553,-16.694994697092902,-16.581035647874103,0.2279180984376019
-15.51843161130334,-15.2937835679171,-15.406107589610219,-0.22464804338624056
-18.062786384383294,-18.083149211104427,-18.07296779774386,0.020362826721132876
-24.220524324832372,-24.65780381796329,-24.439164071397833,0.4372794931309194
-19.787076049485997,-19.765469416870715,-19.776272733178356,-0.021606632615281285
-19.759225849249525,-19.429071173677407,-19.594148511463466,-0.33015467557211764
-17.615194747385214,-17.572132488838708,-17.59366361811196,-0.043062258546505916
-17.222940846781984,-17.349270628692445,-17.286105737737216,0.12632978191046007
-20.108584367163015,-20.28589403815193,-20.19723920265747,0.17730967098891526
-21.073682018892146,-21.07242305927268,-21.07305253908241,-0.0012589596194665376
-18.373303729432156,-18.201995027601264,-18.28764937851671,-0.17130870183089186
-19.067139790759725,-18.862035484277555,-18.96458763751864,-0.20510430648216982
-16.425625287295045,-16.4271410048145,-16.426383146054775,0.0015157175194566719
-17.308526941040178,-17.42505169689676,-17.36678931896847,0.11652475585658095
-18.136875251913906,-18.1817036545073,-18.159289453210604,0.04482840259339227
-19.986061225163372,-19.81186672343558,-19.898963974299477,-0.1741945017277935
-21.287500244980215,-21.11278067621141,-21.20014046059581,-0.17471956876880412
-18.551421777156005,-18.590562658452345,-18.570992217804175,0.039140881296340524
-17.132508460334705,-17.119197354246722,-17.125852907290714,-0.013311106087982694
-18.05919750970885,-18.061091554333036,-18.060144532020942,0.0018940446241870745
-18.804080654032024,-18.758610988037802,-18.78134582103491,-0.0454696659942222
-17.58106128688777,-17.384074408278998,-17.482567847583383,-0.1969868786087723
-19.298170870620925,-19.541965513130137,-19.42006819187553,0.24379464250921146
-19.38795775384052,-19.137452994096954,-19.262705373968736,-0.250504759743567
-18.97707272652776,-18.761778172977642,-18.8694254497527,-0.21529455355011606
-18.73899207072712,-18.638086048591497,-18.68853905965931,-0.10090602213562505
-19.37309650271143,-19.35480453906689,-19.363950520889162,-0.018291963644539777
-16.77487104351067,-16.596459434611287,-16.68566523906098,-0.1784116088993848
-19.102161521623948,-19.12625860078034,-19.114210061202144,0.024097079156391032
-16.771783561182577,-16.58783945032711,-16.67981150575484,-0.18394411085546736
-18.93464256488263,-18.545014811984686,-18.739828688433658,-0.38962775289794394
-17.379614979959165,-17.36873655186071,-17.37417576590994,-0.010878428098454407
-17.828571295009695,-17.88375862136513,-17.856164958187414,0.05518732635543344
-16.17820080193847,-16.16188259015567,-16.170041696047072,-0.016318211782799352
-17.984931190841376,-17.995194173500337,-17.99006268217086,0.010262982658961306
-18.678712450873814,-18.43757139463137,-18.55814192275259,-0.2411410562424443
-16.175035815311873,-16.145947101068508,-16.16049145819019,-0.029088714243364677
-18.430070201067714,-18.194367105750075,-18.312218653408895,-0.2357030953176391
-18.541354875871537,-18.531784864844226,-18.53656987035788,-0.009570011027310699
-16.404921047457655,-16.33808842336233,-16.371504735409992,-0.06683262409532631
-18.71311771863522,-18.477437488587622,-18.59527760361142,-0.23568023004759908
-19.81178054037912,-19.368583491393505,-19.590182015886313,-0.44319704898561696
-18.006273172300325,-17.85876737038452,-17.932520271342423,-0.14750580191580553
-18.0799684811561,-18.03877994334661,-18.059374212251356,-0.04118853780948939
-17.41125380811429,-17.515709095242954,-17.46348145167862,0.10445528712866547
-18.056332997015055,-18.01462132960185,-18.035477163308453,-0.0417116674132032
-18.101524506527873,-18.078841469946386,-18.09018298823713,-0.02268303658148696
-17.962709999371974,-17.94644714430651,-17.954578571839242,-0.0162628550654631
-19.59504937975904,-19.642396746567442,-19.61872306316324,0.04734736680840257
-17.96871823081947,-18.19766938281654,-18.083193806818002,0.2289511519970695
-16.123788258299015,-16.116843529369554,-16.120315893834285,-0.006944728929461519
-17.02827080017297,-16.947070154904175,-16.987670477538572,-0.08120064526879389
-19.73190339882763,-19.90616315594479,-19.81903327738621,0.17425975711715935
-16.856497781916282,-16.864178411226618,-16.86033809657145,0.0076806293103359735
-18.449890594440056,-18.378656734934594,-18.414273664687325,-0.0712338595054618
-16.354917183345766,-16.383079987243406,-16.368998585294584,0.028162803897640032
-17.45110218566012,-17.54106497586507,-17.496083580762594,0.08996279020495024
-17.80730550889972,-17.804401083080833,-17.805853295990275,-0.0029044258188868355
-17.52421089445099,-17.53761814412689,-17.53091451928894,0.013407249675896793
-17.41506562819547,-17.25535247894789,-17.33520905357168,-0.15971314924757962
-16.756896743590037,-16.5012978882935,-16.62909731594177,-0.2555988552965367
-18.149871285108564,-18.195229205757258,-18.17255024543291,0.04535792064869426
-19.267967243689576,-19.371777022766295,-19.319872133227936,0.10380977907671962
-18.042709547750043,-18.017076152487853,-18.029892850118948,-0.025633395262190106
-17.949665858820435,-17.825474204786516,-17.887570031803477,-0.1241916540339183
-18.847438487719366,-18.97898134026096,-18.913209913990165,0.13154285254159603
-19.458549050397743,-19.264518741043474,-19.36153389572061,-0.19403030935426813
-17.28470087656391,-17.278944524137493,-17.281822700350702,-0.005756352426416811
-17.30359262795946,-17.429862245804046,-17.366727436881753,0.126269617844585
-18.866544024192304,-18.87983283941606,-18.87318843180418,0.013288815223756245
-17.19859669106381,-16.94923148712244,-17.073914089093122,-0.24936520394136963
-16.888525472634296,-16.925428243869824,-16.906976858252058,0.03690277123552832
-16.837638550783108,-16.80763257576413,-16.82263556327362,-0.030005975018976727
-17.538586662469402,-17.306381032380635,-17.42248384742502,-0.23220563008876738
-19.663841878499678,-19.658295538529952,-19.661068708514815,-0.005546339969725977
-16.266042321738947,-16.157766543688616,-16.21190443271378,-0.10827577805033073
-17.64539066374644,-17.5591344855533,-17.60226257464987,-0.08625617819313902
-17.48373138937389,-17.417692839410773,-17.45071211439233,-0.06603854996311753
-17.089413106782267,-16.746024859483718,-16.917718983132993,-0.3433882472985488
-20.514093914894563,-22.94947590750799,-21.731784911201274,2.4353819926134257
-16.96658558108894,-17.247629784151812,-17.107107682620374,0.2810442030628728
-18.400229365786217,-18.23467791960656,-18.31745364269639,-0.16555144617965567
-16.526976923215216,-16.41410323668636,-16.470540079950787,-0.11287368652885732
-19.01338826842802,-20.009703921452555,-19.511546094940286,0.996315653024535
-17.84856002946792,-17.951605176722786,-17.900082603095353,0.10304514725486769
-19.831849073036835,-19.317539593510737,-19.574694333273786,-0.5143094795260978
-18.31407155422287,-18.103434941190322,-18.208753247706596,-0.21063661303254833
-17.281852043529163,-17.207459683344744,-17.244655863436954,-0.07439236018441875
-17.801966068100022,-17.70883594828777,-17.755401008193896,-0.09313011981225117
-16.985053031242693,-17.111306995905505,-17.048180013574097,0.12625396466281202
-19.68289439843032,-19.640042877601722,-19.66146863801602,-0.042851520828598666
-16.331327720041518,-16.426384225692615,-16.378855972867065,0.09505650565109747
-19.490014157626998,-19.730610999459696,-19.610312578543347,0.2405968418326978
-17.75493040625396,-18.112002178799912,-17.933466292526937,0.3570717725459538
-16.459996295298936,-16.384023695888665,-16.4220099955938,-0.0759725994102709
-16.595461234908136,-16.534303141865106,-16.56488218838662,-0.06115809304302999
-19.858994619841823,-20.015990182026954,-19.93749240093439,0.15699556218513067
-17.46135592413714,-17.374323043698375,-17.41783948391776,-0.08703288043876611
-16.244797029608737,-16.178596382861386,-16.21169670623506,-0.06620064674735104
-16.06094811419163,-16.180267212746557,-16.120607663469094,0.11931909855492862
-16.765742760659013,-16.790010027719955,-16.777876394189484,0.024267267060942288
-19.90809547877202,-20.014122722363638,-19.96110910056783,0.10602724359161897
-16.145032422017227,-16.15401437476751,-16.14952339839237,0.008981952750282574
-16.367082143532933,-16.329108455768733,-16.348095299650833,-0.03797368776420029
-17.86228235965574,-17.939870408006776,-17.90107638383126,0.07758804835103561
-16.918171308024224,-16.79658867501499,-16.857379991519608,-0.12158263300923267
-19.695693532348447,-19.212780918491095,-19.45423722541977,-0.4829126138573514
-17.36778517943632,-17.432990507970793,-17.400387843703555,0.06520532853447136
-17.132221455742812,-16.698388424241426,-16.91530493999212,-0.4338330315013863
-16.796885373702732,-16.58910449457713,-16.692994934139932,-0.20778087912560395
-17.750855784050813,-17.76344062777716,-17.757148205913985,0.012584843726347827
-16.71910404969609,-16.5152990058924,-16.617201527794244,-0.20380504380369047
-18.928369331032368,-19.12553031425096,-19.02694982264166,0.1971609832185912
-18.593002764136994,-18.747737698549503,-18.67037023134325,0.15473493441250952
-16.178246103326803,-16.1636127565769,-16.17092942995185,-0.014633346749903353
-18.354925702740324,-18.243021657064553,-18.29897367990244,-0.11190404567577161
-18.935893238127274,-19.355185950617933,-19.145539594372604,0.4192927124906589
-17.688511646256096,-17.624879503219027,-17.65669557473756,-0.06363214303706854
-19.88078510605487,-19.733455596195427,-19.80712035112515,-0.1473295098594427
-17.17692242104667,-17.044184538261412,-17.11055347965404,-0.132737882785257
-17.60427436409352,-17.682641440710697,-17.64345790240211,0.07836707661717668
-16.143362450399845,-16.241713695964123,-16.192538073181986,0.09835124556427743
-18.778718163697164,-18.799469046655013,-18.789093605176088,0.02075088295784866
-16.558139399356126,-16.355405803822464,-16.456772601589293,-0.20273359553366177
-18.219949470599527,-18.203753626758505,-18.211851548679014,-0.016195843841021684
-16.29134998719055,-16.06843427289307,-16.17989213004181,-0.22291571429747847
-15.856083330280772,-15.914220118506762,-15.885151724393767,0.05813678822599044
-16.989866172717793,-16.97560814027637,-16.98273715649708,-0.014258032441421875
-17.882436249905936,-17.92244709554835,-17.902441672727143,0.04001084564241353
-16.370072406999686,-16.441889152256458,-16.405980779628074,0.07181674525677195
-17.156803318225727,-16.973106746878013,-17.06495503255187,-0.18369657134771344
-16.162523959311606,-16.074828874334365,-16.118676416822986,-0.08769508497724132
-15.568523257673851,-15.566921709034178,-15.567722483354014,-0.0016015486396732115
-17.99678438007284,-17.92114039282953,-17.958962386451184,-0.07564398724331056
-18.18641493074339,-18.287097608278206,-18.2367562695108,0.10068267753481663
-16.32077464190437,-16.32094278485561,-16.32085871337999,0.0001681429512387922
-17.59005386311051,-17.452867613401445,-17.521460738255975,-0.1371862497090639
-17.227133001593533,-17.071235874439992,-17.14918443801676,-0.15589712715354054
-17.48725064110445,-17.303449391573196,-17.395350016338824,-0.18380124953125332
-17.58131161872749,-17.518561490144965,-17.54993655443623,-0.06275012858252538
-19.468797646226587,-19.77031721538753,-19.619557430807056,0.30151956916094136
-20.594250178128384,-20.666495326661376,-20.63037275239488,0.07224514853299269
-16.768289055496517,-16.831970624601485,-16.800129840049003,0.06368156910496836
-17.63524337900143,-17.601787749101398,-17.618515564051414,-0.03345562990003259
-15.471599198243663,-15.434653488938226,-15.453126343590945,-0.036945709305436836
-15.506196949687428,-15.605725474326569,-15.555961212006999,0.09952852463914041
-16.45066036696295,-16.31013560839969,-16.38039798768132,-0.1405247585632594
-17.33645240613194,-17.164973468923797,-17.25071293752787,-0.17147893720814267
-16.076751137178096,-16.040846008755864,-16.058798572966978,-0.03590512842223248
-17.48662729134051,-17.383289663872574,-17.434958477606543,-0.10333762746793695
-16.781110200831236,-16.742748816528817,-16.761929508680026,-0.03836138430241931
-20.02753034890837,-19.795942257508138,-19.911736303208254,-0.2315880914002335
-19.454344414111194,-19.643990221223945,-19.549167317667568,0.18964580711275048
-18.443995460026596,-18.592455509856336,-18.518225484941468,0.14846004982974037
-17.888217572221716,-18.28196121953337,-18.085089395877542,0.393743647311652
-17.9734286350912,-17.963155694513596,-17.9682921648024,-0.010272940577603862
-16.013156510296145,-16.06036879322636,-16.03676265176125,0.0472122829302144
-16.81415305918229,-16.796098708586964,-16.805125883884628,-0.018054350595324564
-17.112518793768906,-16.9342772608643,-17.023398027316603,-0.17824153290460742
-16.231998115993584,-16.298612502213018,-16.2653053091033,0.06661438621943461
-17.575250749708374,-17.581816941981756,-17.578533845845065,0.0065661922733823985
-16.1571132503297,-16.08710508104469,-16.122109165687196,-0.07000816928501052
-17.017686310747347,-17.174643754616415,-17.09616503268188,0.15695744386906796
-16.808579945859695,-16.952713341039054,-16.880646643449374,0.14413339517935952
-15.92084655019295,-15.910459304672951,-15.915652927432951,-0.0103872455199987
-16.215251872523446,-16.171097480974645,-16.193174676749045,-0.044154391548801186
-15.291326853523868,-15.175518159688203,-15.233422506606036,-0.11580869383566572
-15.650468325104475,-15.515711348364896,-15.583089836734686,-0.13475697673957931
-15.42466674762175,-15.505113200807095,-15.464889974214422,0.08044645318534549
-15.459172825202755,-15.475055081877208,-15.467113953539982,0.015882256674453643
-16.55098203266917,-16.461437561711605,-16.506209797190387,-0.08954447095756635
-15.665205030224904,-15.598466259399064,-15.631835644811984,-0.06673877082583957
-22.214022307038135,-22.48657666608755,-22.350299486562843,0.2725543590494155
-23.734258727851014,-25.74036260125872,-24.73731066455487,2.0061038734077066
-18.185050972332437,-17.993521221088088,-18.08928609671026,-0.19152975124434946
-17.81830519958921,-17.74197008079379,-17.7801376401915,-0.07633511879541999
-17.36533222856353,-17.31294452724088,-17.339138377902206,-0.052387701322651026
-18.960266999545922,-19.187822819632153,-19.074044909589038,0.22755582008623065
-18.12100204976876,-17.782454582831,-17.951728316299878,-0.33854746693775795
-16.76969210517066,-16.596253249889422,-16.68297267753004,-0.17343885528123693
-19.55757803753035,-19.676833640321043,-19.6172058389257,0.11925560279069103
-20.76829294293724,-20.331771049409973,-20.550031996173608,-0.4365218935272672
-17.21394578816024,-17.231700010086662,-17.22282289912345,0.017754221926423952
-17.421193718929178,-17.3286120660879,-17.374902892508537,-0.09258165284127884
-17.848645463321702,-17.965031083685602,-17.906838273503652,0.11638562036389999
-19.10559708726874,-19.165618893653203,-19.135607990460972,0.060021806384462195
-17.250600096336736,-17.177902706181804,-17.21425140125927,-0.07269739015493215
-17.41625912384472,-17.401767097969966,-17.409013110907345,-0.014492025874755399
-17.480455727746545,-17.51188032641547,-17.496168027081005,0.031424598668923664
-20.062776938571066,-20.283120346924527,-20.172948642747798,0.220343408353461
-21.43034884915136,-21.158526422218706,-21.294437635685036,-0.2718224269326548
-17.244769365525748,-17.15745993484602,-17.201114650185886,-0.08730943067972774
-19.578667830589037,-19.626301897397,-19.60248486399302,0.04763406680796223
-20.6850553579621,-20.45340932262991,-20.569232340296004,-0.23164603533219008
-17.201051160652355,-17.208468995588802,-17.20476007812058,0.007417834936447321
-17.002075397960205,-16.81227811670623,-16.907176757333218,-0.18979728125397344
-17.29096713217496,-17.313892666082918,-17.30242989912894,0.022925533907958595
-17.543832836388574,-17.537269826599964,-17.54055133149427,-0.006563009788610685
-16.362307206372165,-16.469934722822437,-16.4161209645973,0.1076275164502718
-19.838293940396063,-19.87051074827609,-19.854402344336076,0.03221680788002601
-19.056656188897243,-19.1946259754801,-19.12564108218867,0.13796978658285752
-18.260230580535357,-18.120718516606026,-18.19047454857069,-0.13951206392933102
-16.563805217471472,-16.464761544195206,-16.51428338083334,-0.09904367327626673
-16.96795219339373,-16.98332792839158,-16.97564006089266,0.015375734997849833
-21.155715469180617,-21.196601544567805,-21.17615850687421,0.04088607538718847
-17.67375419251141,-17.86176047516759,-17.767757333839498,0.18800628265617902
-16.432951979367928,-16.3112936744971,-16.372122826932515,-0.1216583048708273
-19.72096621224442,-19.28134733426959,-19.501156773257005,-0.43961887797483
-16.591657227400884,-16.53979324510958,-16.565725236255233,-0.05186398229130518
-19.15216865226748,-18.79321731147081,-18.972692981869145,-0.358951340796672
-18.956590191745807,-18.810213783410173,-18.88340198757799,-0.1463764083356338
-18.036383299209096,-18.050138425766736,-18.043260862487916,0.013755126557640551
-16.262436806675336,-16.057223766477783,-16.159830286576558,-0.2052130401975525
-17.295817568433865,-17.24695083073511,-17.27138419958449,-0.04886673769875571
-16.900628488949874,-16.912843206322616,-16.906735847636245,0.012214717372742712
-19.363032167934957,-19.859522216633025,-19.611277192283993,0.49649004869806745
-18.83941080133807,-18.789115641200578,-18.81426322126932,-0.050295160137491024
-16.497024291581514,-16.338816992470942,-16.41792064202623,-0.15820729911057185
-16.314319892864223,-16.151692084385957,-16.233005988625088,-0.1626278084782662
-16.805721294128546,-16.76679381941579,-16.786257556772167,-0.03892747471275726
-18.176044769196146,-18.091175411250862,-18.133610090223506,-0.0848693579452835
-19.73269046699422,-20.186427697079502,-19.95955908203686,0.4537372300852809
-17.547639330563783,-17.655073579181675,-17.60135645487273,0.10743424861789208
-19.908338411509504,-19.782381641266173,-19.845360026387837,-0.12595677024333085
-20.534599714397967,-20.379736827364518,-20.45716827088124,-0.15486288703344897
-22.173538602384504,-22.899435443222803,-22.536487022803655,0.7258968408382991
-18.927612546134593,-18.863976168677656,-18.895794357406125,-0.06363637745693751
-17.142534207453632,-17.233301799780676,-17.187918003617156,0.0907675923270439
-15.89826498601159,-15.728725860169906,-15.813495423090748,-0.16953912584168407
-15.949002441550148,-15.955819855938412,-15.952411148744279,0.006817414388263998
-17.088867015962865,-17.051790538681853,-17.07032877732236,-0.03707647728101193
-17.042592885163984,-16.98999587689238,-17.01629438102818,-0.052597008271604295
-18.143973447163628,-17.938831598618787,-18.041402522891207,-0.20514184854484085
-16.928301757555943,-16.81828514807721,-16.873293452816576,-0.11001660947873404
-20.796079399894133,-20.85659647810323,-20.826337938998684,0.060517078209098685
-20.926969130734932,-21.1000586717374,-21.013513901236166,0.17308954100246865
-18.445639173948056,-18.25111632457257,-18.348377749260315,-0.1945228493754847
-17.815470457073083,-17.89965316323341,-17.857561810153246,0.08418270616032686
-16.285955677572304,-16.2150335805568,-16.25049462906455,-0.07092209701550445
-18.856293170350096,-19.081230151252033,-18.968761660801064,0.22493698090193703
-17.35348272298125,-17.470632140572647,-17.41205743177695,0.11714941759139563
-16.93922785644875,-17.004933522675863,-16.972080689562304,0.06570566622711382
-20.39303452272594,-20.927489400076634,-20.66026196140129,0.5344548773506936
-16.50770784378286,-16.573378080864458,-16.54054296232366,0.0656702370815978
-17.386668663588896,-17.502059692553672,-17.444364178071282,0.11539102896477615
-16.70257715723324,-16.816240343067083,-16.75940875015016,0.11366318583384327
-18.187088025338326,-18.162694556388395,-18.17489129086336,-0.02439346894993122
-18.725834504934152,-18.34749541902685,-18.5366649619805,-0.37833908590730303
-17.0801290335514,-16.87602857414413,-16.978078803847765,-0.20410045940727173
-16.043205611912416,-15.977397276181694,-16.010301444047055,-0.06580833573072198
-17.27964176733065,-17.28390382879956,-17.281772798065106,0.004262061468910616
-16.934525907675056,-16.94077492802918,-16.93765041785212,0.006249020354125889
-17.486105760445223,-17.652299690855052,-17.569202725650136,0.166193930409829
-16.144672483539537,-16.1191740183912,-16.131923250965368,-0.025498465148338312
-17.394304892996914,-17.319938285965613,-17.357121589481263,-0.07436660703130116
-16.945834689367004,-16.809239274317637,-16.87753698184232,-0.13659541504936712
-20.10412500966691,-19.657265694905593,-19.880695352286253,-0.4468593147613156
-17.678078270678824,-17.59174066871106,-17.634909469694943,-0.08633760196776308
-18.541160576543025,-18.576779411347275,-18.558969993945148,0.0356188348042501
-17.005418363615632,-17.0197721100886,-17.012595236852114,0.014353746472966833
-21.828955068423284,-21.431694791620018,-21.63032493002165,-0.3972602768032658
-16.004812839354784,-15.992527189191561,-15.998670014273173,-0.012285650163223139
-17.60490337330229,-17.595800190845218,-17.60035178207375,-0.009103182457071313
-19.94510102406433,-19.72198580433072,-19.833543414197525,-0.22311521973360726
-19.45350148076399,-19.192925558707138,-19.323213519735564,-0.26057592205685154
-18.888264065615118,-18.500694190457928,-18.694479128036523,-0.3875698751571903
-17.321580494855173,-17.1197955372928,-17.220688016073986,-0.20178495756237425
-19.03938818084366,-18.8294121587953,-18.93440016981948,-0.20997602204835886
-16.81775946975949,-16.912570009137916,-16.8651647394487,0.09481053937842532
-17.574680111539752,-17.505342713328005,-17.540011412433877,-0.06933739821174711
-17.251467254711557,-17.290479142977,-17.270973198844278,0.039011888265441996
-21.16518953451479,-21.4116356766627,-21.288412605588746,0.24644614214791005
-16.967335329882623,-17.02139346079026,-16.99436439533644,0.054058130907638
-19.73937409005584,-19.750389469076673,-19.744881779566256,0.011015379020832938
-17.576751479028502,-17.404342163395867,-17.490546821212185,-0.17240931563263473
-17.03602572311749,-16.768576562142357,-16.902301142629923,-0.2674491609751328
-16.41041769965796,-16.39767393036591,-16.404045815011933,-0.012743769292047347
-16.9915508069913,-16.989712082294474,-16.990631444642887,-0.0018387246968245563
-19.525753046768074,-19.269878643757337,-19.397815845262706,-0.2558744030107363
-19.104598239347844,-19.04653333565542,-19.07556578750163,-0.05806490369242567
-18.57970743102138,-18.581675261162292,-18.580691346091836,0.0019678301409129517
-17.030264260411286,-17.11624897132386,-17.07325661586757,0.08598471091257309
-17.85490698720519,-17.492728763286536,-17.673817875245863,-0.3621782239186544
-17.454256835644877,-17.512849263102503,-17.48355304937369,0.05859242745762572
-21.489431325996616,-21.293379667323975,-21.391405496660298,-0.19605165867264063
-16.546723692967618,-16.37879996745619,-16.462761830211903,-0.16792372551142876
-17.233166460656324,-17.18724958631971,-17.210208023488015,-0.04591687433661562
-17.92700761346223,-17.775444291350375,-17.851225952406303,-0.15156332211185486
-18.55192700236112,-18.767577871029,-18.659752436695058,0.21565086866788263
-16.629358352335725,-16.465204670324898,-16.54728151133031,-0.16415368201082714
-17.879312573520107,-17.894257179291294,-17.8867848764057,0.014944605771187724
-17.47380857829015,-17.480610458600275,-17.477209518445214,0.006801880310124631
-18.417394541279158,-18.462290186628515,-18.439842363953836,0.04489564534935653
-16.60265688627492,-16.442079403028615,-16.522368144651768,-0.16057748324630694
-16.465841360709238,-16.329019438873985,-16.39743039979161,-0.13682192183525288
-21.5016154572848,-21.562334638790688,-21.531975048037744,0.06071918150588829
-17.298391942168074,-17.279364748247005,-17.28887834520754,-0.019027193921068886
-16.803223960985076,-16.640543634702578,-16.721883797843827,-0.16268032628249784
-17.250252745053963,-17.199863566798506,-17.225058155926234,-0.05038917825545752
-22.416195735332323,-22.5688640220773,-22.49252987870481,0.15266828674497646
-18.22620083074314,-18.172346457406185,-18.199273644074662,-0.05385437333695364
-16.24583688933787,-16.104824690317393,-16.175330789827633,-0.14101219902047646
-17.5005556004107,-17.364476643674784,-17.432516122042742,-0.13607895673591486
-17.321116520233875,-17.17674825737115,-17.248932388802512,-0.1443682628627272
-15.97599845725953,-15.677790267706149,-15.82689436248284,-0.2982081895533817
-18.10494047882282,-17.798275920006127,-17.951608199414473,-0.3066645588166921
-17.137861921352055,-17.17609043030786,-17.156976175829957,0.038228508955803875
-17.109811816304777,-17.023046762220538,-17.066429289262658,-0.08676505408423907
-19.308425687463014,-19.429920121327825,-19.36917290439542,0.12149443386481096
-18.751646920709398,-18.97719837080369,-18.864422645756544,0.22555145009429367
-18.226426516206143,-18.340852900402687,-18.283639708304413,0.11442638419654472
-17.50159717799884,-17.36535713329787,-17.433477155648355,-0.13624004470096907
-19.057916409380816,-19.00455624638719,-19.031236327884002,-0.053360162993627114
-17.848188212404313,-17.628876134984317,-17.738532173694317,-0.21931207741999614
-17.640155294137905,-17.67850125587889,-17.6593282750084,0.03834596174098337
-16.985673387656252,-16.817485780510683,-16.901579584083468,-0.16818760714556902
-17.11286989028926,-17.15057920305233,-17.131724546670796,0.0377093127630701
-19.944960334280204,-19.94872130273547,-19.946840818507837,0.0037609684552677436
-18.315609448095927,-18.092972236641394,-18.20429084236866,-0.22263721145453275
-17.57294982084101,-17.522032560959637,-17.547491190900324,-0.05091725988137341
-15.77478036878699,-15.58905873889594,-15.681919553841464,-0.18572162989105045
-18.012722024082247,-18.03101195380947,-18.02186698894586,0.01828992972722432
-18.223520402799043,-17.94686521407738,-18.08519280843821,-0.27665518872166217
-18.7643568669982,-18.632193727946174,-18.698275297472186,-0.13216313905202526
-18.401334141721506,-18.33049476192022,-18.365914451820863,-0.07083937980128496
-15.622795788397108,-15.503913967668947,-15.563354878033028,-0.118881820728161
-17.60378510565609,-17.64829207344146,-17.626038589548777,0.04450696778537022
-16.158323643309117,-16.077712233511306,-16.118017938410212,-0.080611409797811
-16.77691403463509,-16.835820404521183,-16.806367219578135,0.05890636988609188
-19.138190184020498,-18.827732932791058,-18.982961558405776,-0.31045725122944035
-17.462688687685915,-17.310116830184327,-17.38640275893512,-0.15257185750158797
-18.260109797678847,-18.357775075747064,-18.308942436712954,0.09766527806821657
-18.644963268575857,-18.57427688379483,-18.609620076185344,-0.07068638478102685
-18.17967492574145,-19.41363363962018,-18.796654282680812,1.2339587138787316
-18.425125031105562,-18.288081871248096,-18.35660345117683,-0.13704315985746618
-15.965468593385648,-15.900551652116672,-15.93301012275116,-0.06491694126897585
-17.910191281431796,-17.96226928351675,-17.936230282474273,0.05207800208495428
-18.63651519441187,-18.565083370797566,-18.60079928260472,-0.07143182361430434
-18.624580569671142,-18.459480293561874,-18.54203043161651,-0.1651002761092677
-17.49534614902227,-17.47865546355332,-17.487000806287796,-0.01669068546895147
-18.28956747571012,-18.4042747636559,-18.34692111968301,0.11470728794578022
-18.035556945364814,-17.941560267799204,-17.98855860658201,-0.09399667756560959
-15.909830412298408,-15.838919229754925,-15.874374821026667,-0.07091118254348316
-18.0519170575389,-18.282395840040298,-18.167156448789598,0.23047878250139675
-16.69624800472368,-16.633977775243842,-16.66511288998376,-0.0622702294798394
-19.258616614098557,-19.305142138162594,-19.281879376130576,0.04652552406403743
-16.94295607206336,-17.027530673805543,-16.985243372934452,0.08457460174218312
-17.341250289858348,-17.215567535311436,-17.278408912584894,-0.12568275454691147
-17.301023680232202,-17.13893816211209,-17.219980921172144,-0.16208551812011152
-19.28298980147295,-19.089181748599223,-19.186085775036087,-0.19380805287372738
-18.46747449967585,-18.498679106794313,-18.48307680323508,0.031204607118464622
-16.902147465198755,-16.860523436199987,-16.88133545069937,-0.04162402899876838
-20.250090003588422,-19.959742913773884,-20.104916458681153,-0.2903470898145386
-16.380481950858893,-16.580780009931072,-16.480630980394984,0.20029805907217835
-15.726737380584675,-15.657768416081193,-15.692252898332935,-0.06896896450348144
-20.399316937510857,-20.04779370186197,-20.22355531968641,-0.3515232356488873
-17.00500488568081,-17.057341650771114,-17.031173268225963,0.05233676509030616
-18.239909826753582,-18.309423219735926,-18.274666523244754,0.06951339298234416
-15.211154457000438,-14.986194788449342,-15.09867462272489,-0.2249596685510955
-15.745528231945828,-15.526677319131156,-15.636102775538493,-0.21885091281467162
-15.562853229732314,-15.437620599960777,-15.500236914846546,-0.1252326297715367
-18.0927868971885,-18.074274014380208,-18.083530455784356,-0.018512882808291664
-17.472101619382165,-17.479797128982227,-17.475949374182196,0.007695509600061712
-19.580174565735827,-19.668635998724795,-19.624405282230313,0.08846143298896791
-18.87026923048028,-18.93327118197716,-18.90177020622872,0.06300195149688292
-15.762455087596752,-15.650577368809492,-15.706516228203121,-0.1118777187872606
-18.916154467060483,-18.3150906245572,-18.61562254580884,-0.601063842503283
-17.843751285553722,-17.883771379635956,-17.86376133259484,0.040020094082233726
-16.87968186303748,-16.916172883793102,-16.897927373415293,0.03649102075562283
-18.523709583305983,-18.740533570331465,-18.632121576818726,0.21682398702548156
-17.760708356353085,-17.659702840284275,-17.71020559831868,-0.1010055160688097
-17.480457188924923,-17.532211842055972,-17.506334515490448,0.051754653131048656
-16.692524676546764,-16.852686168408447,-16.772605422477604,0.1601614918616825
-17.638259002640677,-17.646337742397286,-17.64229837251898,0.00807873975660911
-15.953775795554415,-15.936552061247898,-15.945163928401158,-0.017223734306517358
-20.188856586502872,-19.979411452514295,-20.084134019508582,-0.20944513398857723
-18.79274778493924,-20.286120078122956,-19.5394339315311,1.4933722931837146
-16.49794845400871,-16.4724597686861,-16.485204111347407,-0.025488685322610394
-17.386464788553795,-17.516784631185367,-17.45162470986958,0.1303198426315717
-16.45461528564175,-16.727265657570204,-16.590940471605975,0.272650371928453
-17.134963745277712,-17.213628233057293,-17.174295989167504,0.07866448777958013
-17.315155292017714,-17.295315371501864,-17.30523533175979,-0.019839920515849485
-17.117652204839555,-17.36002162226423,-17.238836913551893,0.24236941742467621
-15.207561349191458,-15.18425223389563,-15.195906791543544,-0.023309115295827354
-15.857462649588776,-16.019050412931353,-15.938256531260064,0.16158776334257752
-16.064848515354466,-16.071596175920224,-16.068222345637345,0.006747660565757485
-17.210790955630852,-17.01488974263873,-17.112840349134792,-0.1959012129921227
-17.38179311441315,-17.229943950211712,-17.30586853231243,-0.1518491642014368
-20.37118886274221,-20.548197675355418,-20.459693269048813,0.17700881261320944
-17.59754100814125,-18.21716095692007,-17.90735098253066,0.6196199487788192
-15.912507515380192,-15.725478541805064,-15.818993028592628,-0.18702897357512782
-16.17645437885376,-16.091029559044554,-16.133741968949156,-0.08542481980920513
-15.158061046100887,-15.159080189533247,-15.158570617817066,0.0010191434323605364
-16.118531937478906,-16.096118246721332,-16.10732509210012,-0.022413690757574045
-16.607623699589556,-16.450823298196827,-16.52922349889319,-0.15680040139272933
-16.527900698208434,-16.76443044021335,-16.646165569210893,0.23652974200491528
-18.23099456121077,-18.106112504804088,-18.16855353300743,-0.12488205640668326
-20.139795795330798,-19.75556779976145,-19.947681797546124,-0.38422799556934706
-16.3065691137648,-16.225873103532912,-16.266221108648857,-0.08069601023188966
-15.837293371939298,-16.012357797418485,-15.924825584678892,0.17506442547918688
-18.949036924167647,-18.833556371057583,-18.891296647612613,-0.11548055311006422
-16.02780833730978,-15.79353930914908,-15.91067382322943,-0.23426902816069806
-17.375845162408133,-17.037558904354025,-17.206702033381077,-0.33828625805410795
-14.767125476272748,-14.666060305793751,-14.71659289103325,-0.10106517047899644
-17.6100410973126,-17.542359247697,-17.576200172504798,-0.06768184961559953
-18.93731519059714,-19.000243647326265,-18.968779418961702,0.06292845672912506
-17.976038045216345,-17.841082738219683,-17.908560391718012,-0.13495530699666247
-17.765702443758787,-17.465432976114737,-17.615567709936762,-0.3002694676440498
-20.929927324024014,-20.67300726914661,-20.80146729658531,-0.2569200548774049
-18.47464617942984,-18.141006204979785,-18.307826192204814,-0.33363997445005467
-17.30725750174353,-17.239679002063426,-17.273468251903477,-0.06757849968010277
-14.98368816629951,-15.045617329103454,-15.014652747701483,0.06192916280394378
-18.603314798489723,-18.704751637447075,-18.654033217968397,0.10143683895735123
-17.142393133872126,-17.27127890403961,-17.20683601895587,0.1288857701674857
-18.552750494550562,-18.583778476363626,-18.568264485457092,0.031027981813064542
-16.467942067738885,-16.17022753299339,-16.319084800366138,-0.29771453474549503
-18.04201734464061,-17.8981193389189,-17.970068341779754,-0.1438980057217094
-17.94318239023108,-18.07362611975178,-18.00840425499143,0.1304437295206995
-20.321484176695453,-20.16977010844583,-20.24562714257064,-0.1517140682496212
-19.705050748659627,-19.66805043559996,-19.68655059212979,-0.03700031305966789
-16.940053160097182,-16.902129110899835,-16.921091135498507,-0.03792404919734693
-15.633173571275869,-15.482998896544999,-15.558086233910434,-0.1501746747308701
-18.233705256998768,-18.046384331163424,-18.140044794081096,-0.1873209258353441
-17.7904996939838,-17.781625080531647,-17.786062387257722,-0.008874613452153568
-19.13901840223637,-19.22103646161355,-19.180027431924962,0.08201805937718021
-16.87632550896291,-16.703120162387172,-16.789722835675043,-0.17320534657573816
-19.30264702020526,-19.2745010156218,-19.288574017913533,-0.028146004583458506
-16.099115533403786,-16.128134377283857,-16.113624955343823,0.029018843880070477
-21.040056216329134,-20.934362736324292,-20.98720947632671,-0.10569348000484169
-19.603023848353892,-19.395174047073688,-19.49909894771379,-0.20784980128020436
-15.204186708820572,-15.171683464869787,-15.18793508684518,-0.03250324395078508
-20.607844368420572,-20.791045694130773,-20.699445031275673,0.18320132571020054
-20.35881742079588,-20.642137362045275,-20.500477391420578,0.2833199412493954
-19.045706713284822,-18.584702180465083,-18.81520444687495,-0.4610045328197394
-16.561350522961767,-16.64696558766901,-16.604158055315388,0.08561506470724112
-16.894796086553036,-16.711720698170637,-16.803258392361837,-0.18307538838239878
-14.914424185230981,-14.90467748707318,-14.90955083615208,-0.009746698157801603
-17.699891601152004,-17.58747984564165,-17.64368572339683,-0.11241175551035454
-18.811312761746382,-18.99967708735116,-18.90549492454877,0.1883643256047769
-19.199705926512323,-19.338306852477302,-19.269006389494812,0.13860092596497964
-15.249676648180351,-15.16422998207836,-15.206953315129356,-0.08544666610199059
-16.744475680871915,-16.785953334158542,-16.76521450751523,0.041477653286627
-15.62436136453769,-15.504410123842671,-15.56438574419018,-0.11995124069501806
-15.709982978506856,-15.587547610730066,-15.64876529461846,-0.12243536777678976
-17.872558367874646,-17.590579993635004,-17.731569180754825,-0.28197837423964245
-16.328547639123276,-16.45858072013338,-16.393564179628328,0.13003308101010447
-24.57128147260451,-24.379815237759114,-24.475548355181814,-0.1914662348453966
-19.430821843296357,-19.667175628040418,-19.548998735668388,0.2363537847440611
-16.604079683905248,-16.56134606395586,-16.582712873930554,-0.04273361994938796
-18.970906793130144,-18.71567052245436,-18.84328865779225,-0.255236270675784
-19.109495586507162,-19.4673504471306,-19.288423016818882,0.3578548606234371
-20.37522561827293,-20.35603713186422,-20.365631375068574,-0.019188486408708627
-16.216418925758475,-16.223156438467583,-16.21978768211303,0.006737512709108273
-17.444865853736356,-17.593268503253338,-17.519067178494847,0.14840264951698146
-18.22639953450951,-18.173722159345076,-18.200060846927293,-0.0526773751644356
-17.251661146040654,-17.22431236283981,-17.237986754440232,-0.027348783200842774
-17.962056317653275,-17.904583368932677,-17.933319843292978,-0.05747294872059783
-17.841137335818296,-17.914880981881584,-17.87800915884994,0.07374364606328854
-18.887949663291312,-19.324693616177612,-19.10632163973446,0.4367439528862995
-17.398652487357143,-17.560810883545997,-17.47973168545157,0.16215839618885397
-15.93733994338048,-15.868919289697331,-15.903129616538905,-0.0684206536831482
-17.00788222275469,-17.006683072552892,-17.007282647653792,-0.0011991502017991706
-17.242678630895156,-17.249496275325246,-17.2460874531102,0.006817644430089587
-18.79374028394141,-18.967465320817098,-18.880602802379254,0.17372503687568752
-16.121010529424638,-16.117515488322333,-16.119263008873485,-0.0034950411023046968
-16.645919662758388,-16.83051484897384,-16.738217255866115,0.18459518621545357
-16.134121237371026,-16.263238510209348,-16.198679873790187,0.12911727283832164
-16.32549167574879,-16.373376655056372,-16.34943416540258,0.0478849793075824
-17.20693381678637,-17.322777744012896,-17.264855780399635,0.11584392722652481
-18.449686992098723,-18.670755867913996,-18.560221430006358,0.22106887581527346
-17.915717464201542,-17.53663697779005,-17.726177220995794,-0.3790804864114925
-15.56728440283311,-15.548398496955365,-15.557841449894237,-0.0188859058777453
-17.84872174214582,-18.031077648328967,-17.939899695237393,0.18235590618314745
-16.197133031065764,-16.121738509968445,-16.159435770517106,-0.07539452109731926
-17.52971275656332,-17.64439997513766,-17.58705636585049,0.11468721857433906
-17.21786092296172,-17.24744735756625,-17.232654140263985,0.02958643460453203
-16.716475794955958,-16.754855233632277,-16.73566551429412,0.03837943867631921
-16.924856774354563,-16.79025726962158,-16.85755702198807,-0.1345995047329822
-16.51297517096991,-16.38611097917076,-16.449543075070334,-0.1268641917991502
-18.59559025016912,-19.1544995523955,-18.87504490128231,0.5589093022263789
-16.100171366548985,-15.801637404719365,-15.950904385634175,-0.29853396182961944
-18.575757416964375,-18.2470988503663,-18.41142813366534,-0.3286585665980759
-22.79535313381014,-21.865625606255982,-22.33048937003306,-0.9297275275541566
-16.34440190679267,-16.587601229920043,-16.466001568356354,0.24319932312737436
-16.0819414966961,-15.957617229993483,-16.019779363344792,-0.12432426670261698
-16.501911944563073,-16.382884091870874,-16.442398018216974,-0.11902785269219862
-15.871284891101196,-15.87517517285033,-15.873230031975762,0.0038902817491344166
-15.791781298476648,-15.516326621410675,-15.654053959943662,-0.27545467706597293
-15.255192517718898,-15.169394938333959,-15.212293728026427,-0.08579757938493948
-17.587906610029194,-17.412594477793245,-17.50025054391122,-0.17531213223594833
-16.110911146305817,-15.946605041668619,-16.028758093987218,-0.1643061046371983
-15.963185913877146,-15.778668459582693,-15.870927186729919,-0.18451745429445232
-16.642276455124506,-16.978667883215557,-16.810472169170033,0.3363914280910514
-15.931486795185016,-15.766514019346438,-15.849000407265727,-0.16497277583857795
-16.07254685420816,-15.90518259148315,-15.988864722845655,-0.16736426272500893
-16.5727369878721,-16.64575436939294,-16.60924567863252,0.07301738152083814
-17.55976155200429,-17.63643653967945,-17.59809904584187,0.07667498767516179
-15.699167583194237,-15.638476396206691,-15.668821989700465,-0.06069118698754572
-21.99012916684995,-22.270151734945447,-22.1301404508977,0.28002256809549664
-15.092715860189056,-14.949457967147818,-15.021086913668437,-0.1432578930412376
-14.735138354987086,-14.71599355159195,-14.725565953289518,-0.019144803395136023
-15.70772677249174,-15.697673634737653,-15.702700203614697,-0.010053137754088226
-17.05617462278129,-16.948100611956786,-17.002137617369037,-0.10807401082450241
-15.421258516041698,-15.19738473701497,-15.309321626528334,-0.22387377902672867
-17.231475910003258,-17.34862320086254,-17.2900495554329,0.11714729085928255
-16.14467653222418,-15.996525757509243,-16.070601144866714,-0.14815077471493865
-16.75180972307017,-16.560576351979034,-16.656193037524602,-0.19123337109113692
-18.769941822683627,-18.319548053954442,-18.544744938319035,-0.45039376872918524
-15.962301408310886,-16.19496052607883,-16.078630967194858,0.23265911776794468
-16.16948670070079,-16.265799516319767,-16.21764310851028,0.09631281561897609
-15.56283128457591,-15.507694813105392,-15.535263048840651,-0.0551364714705187
-18.25392989770527,-18.02800328507907,-18.14096659139217,-0.22592661262619984
-16.31903417869598,-16.189237661955406,-16.254135920325695,-0.1297965167405728
-16.26102082808137,-16.210429546626607,-16.23572518735399,-0.050591281454764214
-17.841814758704793,-17.542731031313718,-17.692272895009253,-0.2990837273910749
-15.398964465195382,-15.184071116688466,-15.291517790941924,-0.21489334850691577
-18.186574227531977,-18.259288946327903,-18.22293158692994,0.07271471879592539
-15.093365726442084,-14.978299761763278,-15.035832744102681,-0.1150659646788057
-15.848909867768684,-15.556034984466962,-15.702472426117822,-0.29287488330172273
-15.357804251980992,-15.333336104264,-15.345570178122497,-0.024468147716993016
-15.0681762928528,-14.917680993723138,-14.992928643287968,-0.15049529912966086
-16.08618794152928,-16.183191084409447,-16.134689512969363,0.09700314288016898
-14.831191421690203,-14.85219232528911,-14.841691873489657,0.021000903598906717
-14.962902562380043,-14.884064096782883,-14.923483329581462,-0.07883846559716012
-18.278329670948562,-18.335944538003268,-18.307137104475913,0.05761486705470631
-14.963530103094234,-14.903508538644562,-14.933519320869397,-0.06002156444967177
-16.01236416567506,-16.03946786234868,-16.02591601401187,0.027103696673620448
-16.42325179742121,-16.5477663003788,-16.485509048900006,0.12451450295759159
-17.69842418102305,-17.55567336566493,-17.62704877334399,-0.14275081535812006
-15.997988264943144,-15.96333711976165,-15.980662692352396,-0.0346511451814937
-19.924069917370296,-19.777468592664675,-19.850769255017486,-0.14660132470562104
-16.763499600478752,-16.71508411359295,-16.73929185703585,-0.04841548688580133
-17.01762349375727,-16.772587348908377,-16.895105421332822,-0.2450361448488927
-20.099050951952748,-20.05385691312893,-20.076453932540836,-0.04519403882381923
-18.162380893331193,-18.439593519815435,-18.300987206573314,0.2772126264842427
-16.851441252307122,-16.844162750369016,-16.847802001338067,-0.00727850193810653
-17.504877987866422,-17.489556763558806,-17.497217375712616,-0.015321224307616177
-18.593475409008782,-18.311528811823955,-18.45250211041637,-0.2819465971848274
-16.288104231288717,-16.298590163757353,-16.293347197523033,0.010485932468636605
-15.569892401541575,-15.630269800883298,-15.600081101212435,0.06037739934172315
-15.529679062868171,-15.491460207991025,-15.510569635429597,-0.0382188548771456
-18.011006860734934,-18.001999457160913,-18.006503158947922,-0.009007403574020856
-16.31395939912762,-16.351215613247035,-16.332587506187327,0.0372562141194166
-15.780064562281606,-15.661976648661701,-15.721020605471654,-0.11808791361990423
-15.284772341322697,-15.09449562976474,-15.189633985543718,-0.19027671155795645
-14.960738595615416,-14.980831025588163,-14.970784810601788,0.020092429972747183
-16.8109410067931,-16.915482032898005,-16.863211519845553,0.10454102610490423
-15.450640628295154,-15.400522663811483,-15.425581646053319,-0.050117964483671784
-15.835524445909783,-15.937841466007585,-15.886682955958683,0.10231702009780186
-16.900354895234084,-17.10033223419427,-17.00034356471418,0.19997733896018488
-16.125608488848048,-16.021092787326694,-16.07335063808737,-0.10451570152135403
-17.30671623748298,-17.34416110807654,-17.32543867277976,0.03744487059356061
-15.228974025350158,-15.505543174375251,-15.367258599862705,0.276569149025093
-16.811370657483263,-16.75587567845356,-16.78362316796841,-0.05549497902970302
-15.712187864269875,-15.68464376114504,-15.698415812707458,-0.027544103124835573
-20.0404861482542,-19.993787079212037,-20.01713661373312,-0.04669906904216248
-15.10436210504279,-15.046087736410612,-15.0752249207267,-0.05827436863217805
-16.870789764885416,-16.900813095382667,-16.88580143013404,0.03002333049725081
-15.400002577196743,-15.329419948526734,-15.36471126286174,-0.07058262867000842
-14.852997251443439,-14.835250594562815,-14.844123923003128,-0.01774665688062349
-15.713556299590566,-15.628186549893105,-15.670871424741836,-0.08536974969746147
-16.403113726881084,-16.480538263642924,-16.441825995262004,0.07742453676183914
-16.31910172797498,-16.292734145652453,-16.305917936813717,-0.02636758232252845
-16.876407413184598,-17.03860536575192,-16.957506389468257,0.16219795256732183
-15.542845977771249,-15.567832062922482,-15.555339020346866,0.024986085151233794
-16.173722998208085,-16.96805038214233,-16.570886690175207,0.7943273839342453
-14.799673265591018,-14.902238683031165,-14.850955974311091,0.10256541744014669
-16.046407476676343,-16.01197725954277,-16.029192368109555,-0.03443021713357197
-15.239649273944641,-14.962465502506578,-15.101057388225609,-0.2771837714380627
-17.471966676258265,-17.23647552945003,-17.354221102854147,-0.23549114680823635
-15.673599587654712,-15.754870210933596,-15.714234899294155,0.08127062327888446
-14.682690119585367,-14.598758076020246,-14.640724097802806,-0.0839320435651203
-18.203911509758804,-17.67627461415235,-17.94009306195558,-0.5276368956064523
-15.870653870045365,-15.97219297113213,-15.921423420588749,0.10153910108676634
-15.070236929379806,-14.7858343749186,-14.928035652149203,-0.2844025544612059
-15.319978881144134,-15.292677978962484,-15.30632843005331,-0.0273009021816506
-14.883882872744547,-14.864638616066163,-14.874260744405355,-0.01924425667838392
-14.132293528351118,-14.165051873095834,-14.148672700723477,0.03275834474471573
-17.671037588293654,-17.71608946419144,-17.69356352624255,0.04505187589778714
-15.371857500142719,-15.361227772585158,-15.366542636363938,-0.010629727557560642
-14.409818093117511,-14.38325029625723,-14.396534194687371,-0.02656779686028088
-14.750402673657717,-14.74642049225866,-14.748411582958187,-0.003982181399058149
-15.731959128480813,-15.582450855133622,-15.657204991807218,-0.14950827334719108
-15.365093850695043,-15.512901338053116,-15.43899759437408,0.14780748735807236
-18.906806846859258,-18.90066576385926,-18.90373630535926,-0.00614108299999927
-17.64087932585874,-17.49897257642286,-17.569925951140803,-0.14190674943587922
-16.35471395336373,-16.2021542820862,-16.278434117724967,-0.15255967127752967
-14.604310847895189,-14.480179414804496,-14.542245131349842,-0.12413143309069241
-17.025294161743457,-17.080111597685658,-17.05270287971456,0.05481743594220134
-14.737501658356146,-14.595119382443698,-14.666310520399922,-0.142382275912448
-13.83274729292039,-13.604730858286558,-13.718739075603473,-0.22801643463383137
-15.411340738917318,-15.48904664042552,-15.45019368967142,0.07770590150820311
-15.240679747895882,-15.224144169787124,-15.232411958841503,-0.016535578108758386
-14.469639036915153,-14.609378961147087,-14.53950899903112,0.13973992423193415
-17.315829298529618,-17.265805997266853,-17.290817647898237,-0.05002330126276533
-16.464297939028516,-16.531034524078912,-16.497666231553715,0.06673658505039626
-17.20894274258853,-17.225120886074713,-17.21703181433162,0.01617814348618296
-17.231390147109916,-17.128980705385857,-17.18018542624789,-0.10240944172405975
-16.681939806721193,-16.65843766060114,-16.670188733661167,-0.023502146120051748
-15.267508126825286,-15.225816087242054,-15.24666210703367,-0.04169203958323209
-14.686842077387187,-14.589377176001125,-14.638109626694156,-0.09746490138606134
-16.573127106139488,-16.379888257897637,-16.476507682018564,-0.193238848241851
-15.774284620699255,-15.56883724782528,-15.671560934262267,-0.20544737287397474
-15.904106990560512,-15.786355053342561,-15.845231021951538,-0.11775193721795141
-16.43105043368531,-16.308183595978363,-16.36961701483184,-0.12286683770694751
-15.147002425342599,-15.102704882325776,-15.124853653834187,-0.04429754301682287
-16.863931532344527,-16.70517334031525,-16.78455243632989,-0.15875819202927843
-15.511189020135875,-15.413833475402342,-15.462511247769108,-0.09735554473353325
-15.468245087787972,-15.68448887403062,-15.576366980909295,0.21624378624264828
-15.173712971474693,-15.10309296307884,-15.138402967276766,-0.0706200083958528
-14.711610931776795,-14.621834380684486,-14.66672265623064,-0.08977655109230831
-14.750831730005713,-14.67971103940658,-14.715271384706146,-0.07112069059913217
-13.696033361777156,-13.665819298894949,-13.680926330336053,-0.03021406288220696
-14.131541653112958,-13.960358730826616,-14.045950191969787,-0.17118292228634147
-15.652868031886666,-15.72695852094693,-15.689913276416798,0.07409048906026428
-14.512153799329257,-14.511793413859095,-14.511973606594175,-0.0003603854701612619
-14.935326050437682,-15.05575248731848,-14.995539268878082,0.12042643688079835
-15.333415400876348,-15.103963507689256,-15.218689454282803,-0.22945189318709147
-15.375872699333346,-15.219924028104423,-15.297898363718884,-0.15594867122892353
-14.982936389784713,-14.85261743889296,-14.917776914338837,-0.13031895089175372
-17.18545608024897,-17.284385354152718,-17.234920717200843,0.0989292739037495
-16.025783130627286,-15.97211326521277,-15.998948197920027,-0.05366986541451624
-15.454853835173637,-15.359787803593777,-15.407320819383706,-0.09506603157985971
-15.846280958956534,-15.778184056790801,-15.812232507873667,-0.06809690216573294
-15.751375050072053,-15.736615436442484,-15.743995243257269,-0.014759613629568236
-15.207044829397692,-15.270477888664791,-15.23876135903124,0.06343305926709952
-20.317075499940792,-20.41787790668915,-20.36747670331497,0.1008024067483575
-17.77790153178373,-17.68736966388626,-17.732635597834992,-0.09053186789747159
-17.343727072206455,-17.69362649067437,-17.518676781440412,0.3498994184679134
-16.30847546092864,-16.433737827170546,-16.371106644049593,0.12526236624190545
-14.765549523903427,-14.654199319695971,-14.7098744217997,-0.11135020420745612
-18.53872374895126,-18.322714022562046,-18.430718885756654,-0.21600972638921334
-16.1986668709863,-16.196003431633986,-16.197335151310142,-0.0026634393523146116
-15.522131146372114,-15.426144061986278,-15.474137604179196,-0.09598708438583614
-14.651421605246815,-14.725811363438268,-14.688616484342543,0.07438975819145277
-14.967255503380521,-14.872177634945652,-14.919716569163086,-0.09507786843486876
-17.900518824428776,-18.140637772412994,-18.020578298420887,0.24011894798421807
-15.344184364837057,-15.25043245535457,-15.297308410095813,-0.0937519094824868
-15.345278692569128,-15.218433403875377,-15.281856048222252,-0.126845288693751
-17.545736201863857,-17.432202600085354,-17.488969400974604,-0.11353360177850291
-16.273641584314014,-16.166886359790702,-16.220263972052358,-0.10675522452331165
-17.844777165619607,-17.703846128421056,-17.774311647020333,-0.14093103719855193
-15.360196853898024,-15.440125736334945,-15.400161295116485,0.07992888243692065
-15.519480511248547,-15.49254950239456,-15.506015006821553,-0.026931008853987137
-17.230347653961047,-17.089582184556534,-17.15996491925879,-0.1407654694045135
-14.810555581037589,-14.807899912251779,-14.809227746644684,-0.002655668785809695
-15.84611252709458,-15.565376256686013,-15.705744391890295,-0.28073627040856586
-19.23937119165643,-18.866074648022646,-19.05272291983954,-0.37329654363378495
-16.20998622034694,-16.124813251535414,-16.167399735941178,-0.08517296881152703
-16.514384348183434,-16.69238855918088,-16.603386453682155,0.17800421099744668
-16.105400231721386,-16.09386543899168,-16.099632835356534,-0.011534792729705146
-15.472206778493618,-15.584529058678442,-15.52836791858603,0.1123222801848236
-16.039703267970474,-16.01703305796282,-16.028368162966647,-0.02267021000765368
-16.607297094963428,-16.4482174921888,-16.527757293576116,-0.15907960277462863
-15.825754565246712,-15.774376956609363,-15.800065760928037,-0.05137760863734897
-14.82326824029535,-14.819479190194087,-14.821373715244718,-0.0037890501012629585
-15.568812591347928,-15.629157950163137,-15.598985270755533,0.06034535881520853
-20.59934709260555,-20.215356115999498,-20.407351604302526,-0.38399097660605364
-14.91209589344155,-14.73494088249507,-14.82351838796831,-0.17715501094648012
-17.68429167887998,-17.81609858680015,-17.750195132840062,0.13180690792016847
-15.520930932193693,-15.41252858739798,-15.466729759795836,-0.10840234479571365
-17.12376985292104,-17.986268034203782,-17.55501894356241,0.8624981812827421
-15.733248390280368,-15.754501684418727,-15.743875037349547,0.021253294138359635
-15.045119546702793,-14.959005875241164,-15.002062710971979,-0.08611367146162863
-15.180304475687864,-15.131693263951044,-15.155998869819454,-0.04861121173681937
-15.947277511203419,-15.811376515045918,-15.87932701312467,-0.13590099615750084
-14.926090787313575,-14.796210724339677,-14.861150755826625,-0.1298800629738981
-16.974816105294508,-17.98933723982961,-17.48207667256206,1.0145211345351015
-17.96376182096661,-17.972815116229103,-17.968288468597855,0.009053295262493322
-17.05267953763024,-16.897019262381434,-16.974849400005837,-0.1556602752488061
-15.50439038616668,-15.527829479351492,-15.516109932759086,0.02343909318481252
-16.306244247990374,-16.255077644709573,-16.280660946349975,-0.05116660328080158
-16.276281618664363,-16.345103454495458,-16.31069253657991,0.0688218358310948
-15.612125240598546,-15.564108759690125,-15.588117000144337,-0.048016480908421144
-16.14522192049683,-16.15432681928002,-16.149774369888426,0.009104898783188986
-21.51962323552859,-21.45751649359952,-21.488569864564056,-0.06210674192907106
-15.919713417486077,-15.9602709173375,-15.939992167411788,0.04055749985142221
-16.94964430148996,-17.206427212067304,-17.078035756778633,0.2567829105773427
-15.411224313751308,-15.424683441119312,-15.417953877435309,0.013459127368003365
-14.815522127509183,-14.867499729918487,-14.841510928713834,0.051977602409303714
-14.00651775310362,-13.927208439435876,-13.966863096269748,-0.07930931366774274
-16.512207014575267,-16.64468811372451,-16.57844756414989,0.132481099149242
-15.907455911181536,-15.845843199805707,-15.876649555493621,-0.061612711375829576
-14.605225861867645,-14.6469675056582,-14.626096683762922,0.041741643790555116
-16.903373217412756,-17.04052196470667,-16.971947591059713,0.1371487472939137
-15.462981264250477,-15.382170803475283,-15.42257603386288,-0.0808104607751936
-17.264185025402696,-16.96733728858154,-17.115761156992118,-0.2968477368211566
-16.902368796205803,-16.604494476934754,-16.753431636570276,-0.2978743192710489
-16.347220301124167,-16.278251888852523,-16.312736094988345,-0.0689684122716443
-14.802824813995299,-14.946401123859777,-14.874612968927538,0.14357630986447845
-14.934929948695746,-14.771778917925253,-14.8533544333105,-0.16315103077049287
-16.906642372154383,-16.805642200915614,-16.856142286534997,-0.10100017123876981
-15.465008622053164,-15.240363992261068,-15.352686307157116,-0.22464462979209543
-14.917464853788475,-14.811803443444926,-14.864634148616702,-0.10566141034354892
-16.73159936387374,-16.976400744548528,-16.854000054211134,0.24480138067478663
-16.348091915854265,-16.51966470889569,-16.43387831237498,0.17157279304142392
-17.22252984535864,-17.03600476547016,-17.129267305414402,-0.18652507988847944
-16.51868533325619,-16.733656503295236,-16.62617091827571,0.2149711700390462
-16.374897256063797,-16.54693686957968,-16.46091706282174,0.17203961351588504
-15.739224851112688,-15.594478872506235,-15.666851861809462,-0.1447459786064531
-18.04183108995088,-17.707339877059294,-17.874585483505086,-0.3344912128915851
-15.53585733475404,-15.432872618933983,-15.484364976844011,-0.10298471582005675
-15.776548796838801,-15.785107312780791,-15.780828054809795,0.008558515941990308
-14.42216771333094,-14.191173431694086,-14.306670572512513,-0.23099428163685332
-16.06614422018148,-16.263243550075206,-16.164693885128344,0.19709932989372447
-13.832347691816075,-13.740993372506434,-13.786670532161255,-0.09135431930964089
-14.78795099477035,-14.601856093254284,-14.694903544012316,-0.186094901516066
-15.471139681652371,-15.67092236844934,-15.571031025050855,0.19978268679696853
-17.12645273382733,-17.280343501327454,-17.203398117577393,0.1538907675001262
-15.088213707356438,-15.029868801259404,-15.059041254307921,-0.0583449060970338
-15.90320770324424,-15.889731784221034,-15.896469743732638,-0.013475919023205662
-17.56374321894316,-17.434220223718988,-17.498981721331074,-0.1295229952241712
-15.840800696651272,-15.811552333806745,-15.826176515229008,-0.02924836284452681
-18.920681020282586,-19.162796903941725,-19.041738962112156,0.24211588365913883
-19.675613881178425,-19.354806300430106,-19.515210090804267,-0.32080758074831905
-18.427116784899468,-18.449785528396575,-18.43845115664802,0.022668743497106902
-19.230856975857126,-18.992276207645393,-19.11156659175126,-0.23858076821173313
-19.72346074434683,-19.51220820560001,-19.61783447497342,-0.2112525387468196
-19.832374195610303,-19.7951699057054,-19.813772050657853,-0.037204289904902765
-18.45871032478926,-18.37972571225892,-18.41921801852409,-0.07898461253033773
-18.361695999583084,-18.308327723660838,-18.33501186162196,-0.0533682759222458
-20.57266889361613,-20.553569807829334,-20.56311935072273,-0.0190990857867952
-16.780073124396445,-16.69133233740565,-16.735702730901046,-0.08874078699079391
-16.585973463725498,-16.57164049729503,-16.578806980510265,-0.01433296643046944
-18.010337887214323,-17.888027023584314,-17.949182455399317,-0.12231086363000898
-17.6611653798747,-17.95508015116875,-17.808122765521723,0.29391477129405175
-22.493020683264767,-22.28607877376721,-22.389549728515988,-0.20694190949755864
-15.398353390492224,-15.187438089261924,-15.292895739877075,-0.21091530123029933
-15.608778031105684,-15.640252856631275,-15.624515443868479,0.03147482552559033
-19.985157295000295,-20.002670064465477,-19.993913679732884,0.01751276946518132
-17.48213477760408,-17.488846670807952,-17.485490724206016,0.006711893203871
-16.635905111763503,-16.5266241958805,-16.581264653822004,-0.10928091588300148
-16.185833053182915,-15.944488738269998,-16.065160895726457,-0.24134431491291686
-19.08016238893117,-18.89457764848401,-18.98737001870759,-0.18558474044716178
-18.242221337519947,-18.227480875244588,-18.234851106382266,-0.014740462275359079
-18.04982108432994,-17.891386058993604,-17.97060357166177,-0.1584350253363347
-17.369341415591528,-17.43432489554149,-17.401833155566507,0.06498347994996223
-18.404764495036797,-18.705335691329186,-18.55505009318299,0.30057119629238827
-18.15706756435872,-17.95971721026521,-18.058392387311965,-0.19735035409350843
-20.6716186335966,-20.520252187734183,-20.59593541066539,-0.15136644586241843
-17.198950811783124,-16.93269116695186,-17.06582098936749,-0.2662596448312655
-17.162205764944904,-17.221131357318214,-17.191668561131557,0.058925592373309854
-20.149849384709942,-19.892146416954603,-20.02099790083227,-0.2577029677553391
-17.99644181562117,-17.947323875255456,-17.971882845438316,-0.04911794036571493
-16.426150124083613,-16.347264696073506,-16.386707410078557,-0.078885428010107
-18.116246450135044,-18.172159173735302,-18.144202811935173,0.05591272360025812
-19.359929833323214,-19.172596982426242,-19.266263407874728,-0.18733285089697205
-20.636568340393016,-20.59157157833291,-20.614069959362965,-0.044996762060105056
-16.644137768978158,-16.669819783923206,-16.656978776450682,0.025682014945047626
-18.74724843556414,-18.933444209564982,-18.84034632256456,0.18619577400084353
-17.917617489469137,-18.468525618773267,-18.193071554121204,0.5509081293041298
-16.381942064703967,-16.42674741947624,-16.404344742090103,0.04480535477227221
-16.349237312093035,-16.379642240960557,-16.364439776526794,0.03040492886752233
-18.837718406933313,-19.051199349235752,-18.944458878084532,0.2134809423024393
-17.559417495438016,-17.316804457159567,-17.43811097629879,-0.24261303827844927
-17.75657338419917,-17.63209863482991,-17.69433600951454,-0.12447474936926284
-16.125691508777024,-16.0165689178573,-16.07113021331716,-0.10912259091972487
-21.699788842535757,-21.44561877230241,-21.57270380741908,-0.2541700702333465
-15.81119010772175,-15.757407589318547,-15.784298848520148,-0.05378251840320303
-15.63763370300127,-15.613084448553959,-15.625359075777615,-0.024549254447311597
-18.269316560778513,-17.760148249249525,-18.01473240501402,-0.5091683115289882
-19.73508735485842,-19.18476175112631,-19.459924552992362,-0.5503256037321087
-19.266316554378065,-19.068368984457685,-19.167342769417875,-0.19794756992038032
-17.557615049910122,-17.31062538519135,-17.434120217550735,-0.2469896647187717
-15.950363767873053,-15.845930302397393,-15.898147035135224,-0.10443346547566001
-18.641492150464583,-19.557637687687514,-19.099564919076048,0.9161455372229312
-15.515624150006147,-15.576029005942367,-15.545826577974257,0.0604048559362198
-18.120659052791822,-17.857246084023885,-17.988952568407854,-0.2634129687679376
-17.386026314910414,-17.30262462350254,-17.344325469206474,-0.08340169140787523
-15.92053144840375,-15.69893261181468,-15.809732030109215,-0.2215988365890702
-18.861444587291242,-18.78042864502148,-18.82093661615636,-0.08101594226976161
-21.84455554075537,-22.910825975476136,-22.377690758115754,1.0662704347207672
-20.595531394300522,-21.72221241738743,-21.158871905843974,1.1266810230869062
-17.93028356090436,-17.93097622513679,-17.930629893020573,0.0006926642324280863
-18.164042298430882,-17.949781381691047,-18.056911840060963,-0.2142609167398355
-18.362263098257426,-18.2835112523166,-18.322887175287015,-0.0787518459408254
-16.381426100564045,-16.453325425621223,-16.417375763092636,0.07189932505717778
-18.214416487900273,-18.27418763137551,-18.244302059637892,0.059771143475238375
-17.43845302385829,-17.350611447831042,-17.394532235844665,-0.08784157602724818
-18.694773855370862,-18.73777821395408,-18.71627603466247,0.04300435858321805
-16.13145931226379,-16.135990248721882,-16.133724780492834,0.004530936458092327
-17.068016402379723,-17.013782868155914,-17.04089963526782,-0.05423353422380828
-16.667558395507974,-16.648036965647936,-16.657797680577957,-0.019521429860038353
-15.539547011858808,-15.556710958603357,-15.548128985231083,0.017163946744549463
-15.682949272491951,-15.831850058701031,-15.757399665596491,0.14890078620907943
-17.526950782801592,-17.308734093846837,-17.417842438324215,-0.21821668895475455
-16.664189282460775,-16.572666295743957,-16.618427789102366,-0.09152298671681791
-18.563949978918785,-18.552244725109595,-18.55809735201419,-0.011705253809189742
-16.60765850371759,-16.5403972154809,-16.574027859599248,-0.06726128823668986
-15.941383163989688,-15.977173054456792,-15.95927810922324,0.0357898904671039
-16.97389415549444,-16.85930855993441,-16.916601357714423,-0.11458559556002967
-17.559489263419792,-17.748676451430942,-17.654082857425365,0.1891871880111502
-18.516765071075422,-18.65539136518052,-18.586078218127973,0.13862629410509797
-18.530394010548747,-18.24408527290795,-18.38723964172835,-0.2863087376407982
-19.11593367558862,-19.218662963343952,-19.167298319466287,0.10272928775533074
-17.38878863574551,-17.290938976070226,-17.339863805907868,-0.09784965967528336
-18.34036464620757,-18.283224952444492,-18.31179479932603,-0.05713969376307659
-16.632571714806573,-16.503351697225888,-16.56796170601623,-0.12922001758068546
-18.09443205044378,-18.26263367936526,-18.17853286490452,0.16820162892148005
-16.676277861026367,-16.42741688861262,-16.551847374819495,-0.24886097241374827
-17.19260699187241,-17.044357296157486,-17.118482144014948,-0.14824969571492375
-15.490667736267163,-15.419252646751332,-15.454960191509247,-0.0714150895158312
-17.968229385324207,-18.003352520941565,-17.985790953132884,0.035123135617357804
-16.346526966864033,-16.324873783031176,-16.335700374947606,-0.02165318383285708
-15.980729654076136,-15.874961730215523,-15.92784569214583,-0.10576792386061307
-17.183429865303864,-16.984257492550665,-17.083843678927266,-0.19917237275319977
-18.90270661264392,-18.863146337978918,-18.88292647531142,-0.03956027466500345
-18.971337139283897,-18.7148152693917,-18.843076204337798,-0.2565218698921967
-20.23033957285822,-20.2238120875315,-20.22707583019486,-0.006527485326721205
-22.301010243052794,-22.139940700582457,-22.220475471817625,-0.16106954247033656
-17.923631818754167,-17.95879923820722,-17.941215528480694,0.03516741945305313
-18.248224175403788,-18.27490223047701,-18.2615632029404,0.02667805507322285
-17.076175916865097,-17.022931175414673,-17.049553546139883,-0.053244741450424016
-16.405979862044756,-16.365296472202772,-16.385638167123766,-0.04068338984198405
-18.746549025095458,-18.89130525939236,-18.818927142243908,0.14475623429690287
-16.212082057014424,-16.29507118893466,-16.253576622974542,0.08298913192023605
-17.41129127859467,-17.31967504869141,-17.36548316364304,-0.09161622990326279
-15.977134480884095,-15.790541647709123,-15.883838064296608,-0.18659283317497177
-18.08229204735393,-18.008951173822112,-18.04562161058802,-0.07334087353181928
-15.305662208639111,-15.360685877546914,-15.333174043093013,0.0550236689078023
-15.162299609294575,-15.297161441868667,-15.22973052558162,0.13486183257409223
-16.82880364821457,-16.64567172801828,-16.737237688116423,-0.183131920196292
-15.524666379759815,-15.609067249606454,-15.566866814683134,0.08440086984663964
-16.331634546409695,-16.211224911424733,-16.271429728917212,-0.12040963498496282
-16.5661272538227,-16.45375146123431,-16.509939357528506,-0.11237579258838792
-19.750293369879174,-19.823703532594998,-19.786998451237086,0.0734101627158239
-18.34790857634203,-18.545985698645765,-18.446947137493897,0.19807712230373653
-16.104991240653685,-16.024527445300343,-16.064759342977013,-0.08046379535334225
-16.983061604220755,-16.771558035412514,-16.877309819816634,-0.21150356880824006
-17.705248100322024,-17.697712445396252,-17.701480272859136,-0.00753565492577124
-16.110858124555833,-16.152430386138146,-16.13164425534699,0.04157226158231353
-17.040496919462996,-16.734398276569976,-16.887447598016486,-0.30609864289301925
-19.016904182764325,-18.762662213232367,-18.889783197998348,-0.2542419695319573
-19.339972711772983,-19.086581973567235,-19.21327734267011,-0.25339073820574853
-19.88139144714802,-19.873505749196976,-19.8774485981725,-0.007885697951042658
-17.407830344566342,-17.35680349897101,-17.382316921768677,-0.05102684559533088
-19.030583772897597,-18.997232487581535,-19.013908130239564,-0.03335128531606202
-20.278723044282888,-20.430931243836042,-20.354827144059463,0.15220819955315434
-16.010938777838017,-16.07646517984773,-16.043701978842876,0.06552640200971283
-15.529143893400423,-15.491162728189993,-15.510153310795207,-0.03798116521043049
-16.997484996441305,-17.377884781902523,-17.187684889171912,0.38039978546121844
-15.619170187696009,-15.558827324345625,-15.588998756020818,-0.060342863350383524
-17.549865937950145,-17.799466712326605,-17.674666325138375,0.24960077437646078
-19.548675177777547,-19.23765161745486,-19.393163397616203,-0.3110235603226883
-17.535548367270625,-17.833037336993613,-17.684292852132117,0.29748896972298766
-17.40079869357603,-17.515108696444557,-17.457953695010293,0.11431000286852822
-14.864903957331805,-14.86600485745619,-14.865454407393997,0.001100900124384907
-17.143929195270786,-16.781971926778734,-16.962950561024762,-0.361957268492052
-15.08980145696561,-15.016343533755517,-15.053072495360563,-0.0734579232100927
-15.145067493051426,-15.27774386101494,-15.211405677033184,0.1326763679635139
-19.2093049004011,-19.295862676861965,-19.252583788631533,0.08655777646086449
-19.5157593158521,-19.171752152493873,-19.343755734172987,-0.3440071633582278
-16.445688587337948,-16.345365332197886,-16.395526959767917,-0.10032325514006146
-17.89843293448046,-17.900197167884382,-17.89931505118242,0.0017642334039216223
-16.969261254413258,-17.008344878977567,-16.98880306669541,0.03908362456430936
-16.261403732970475,-16.1775826073264,-16.21949317014844,-0.08382112564407507
-15.772089247342363,-16.11760913346712,-15.944849190404742,0.34551988612475704
-17.311500697664062,-17.09191739159464,-17.201709044629354,-0.21958330606942056
-17.359722162128953,-17.48177297741615,-17.42074756977255,0.12205081528719575
-15.2064712099626,-15.202884873862152,-15.204678041912377,-0.0035863361004491168
-15.280868412554396,-15.250688562634357,-15.265778487594377,-0.030179849920038748
-15.986145104749754,-15.625415384555522,-15.805780244652638,-0.36072972019423233
-20.30627193180242,-20.37484873172115,-20.340560331761786,0.06857679991873056
-17.449026287700644,-17.361075029122155,-17.405050658411398,-0.08795125857848873
-17.956655390557238,-17.90830357959026,-17.93247948507375,-0.04835181096697738
-16.925042259939435,-16.722006038203887,-16.82352414907166,-0.20303622173554814
-14.894510868700037,-14.734551782280626,-14.814531325490332,-0.15995908641941092
-18.45931637195119,-18.521959982845672,-18.49063817739843,0.062643610894483
-17.089218083321327,-17.318563842853898,-17.203890963087613,0.22934575953257053
-17.149200147098004,-17.17388540401472,-17.161542775556363,0.024685256916715304
-15.61563757553626,-15.561782740990765,-15.588710158263513,-0.05385483454549522
-15.109778768026175,-15.042112723946175,-15.075945745986175,-0.06766604407999921
-15.301746528026323,-15.270005764231396,-15.28587614612886,-0.03174076379492696
-14.954367927065151,-14.875857062405307,-14.91511249473523,-0.0785108646598438
-17.74122186109716,-17.753770536046837,-17.747496198571998,0.012548674949677263
-17.48122844795065,-17.446238436659733,-17.46373344230519,-0.03499001129091539
-18.186192161050016,-17.93742912980648,-18.061810645428245,-0.24876303124353782
-17.346350691543083,-17.078842275267522,-17.212596483405303,-0.267508416275561
-15.701828095491782,-15.76756274047191,-15.734695417981847,0.06573464498012704
-15.343059907494341,-15.231350558054627,-15.287205232774484,-0.11170934943971389
-16.931763070058924,-16.841231664161782,-16.88649736711035,-0.09053140589714204
-15.251095963482848,-15.049952525413374,-15.15052424444811,-0.2011434380694741
-19.04701924911878,-20.508170850184527,-19.77759504965165,1.4611516010657475
-17.373978067341135,-17.406202935553413,-17.390090501447276,0.032224868212278324
-16.60033017800579,-16.36034056982168,-16.480335373913736,-0.23998960818411064
-19.216670977153022,-19.046665439522428,-19.131668208337725,-0.170005537630594
-17.588667520699442,-17.65557717409397,-17.622122347396704,0.06690965339452859
-16.032968524510885,-15.980425581500944,-16.006697053005915,-0.05254294300994111
-17.015379687185373,-16.933029141238393,-16.974204414211883,-0.08235054594697999
-16.417929945419882,-16.301879927906636,-16.35990493666326,-0.11605001751324551
-16.006373228266654,-15.950566099006808,-15.97846966363673,-0.05580712925984521
-14.775232229679025,-14.607853198801141,-14.691542714240082,-0.16737903087788375
-17.34862771953501,-17.378959303709095,-17.363793511622053,0.030331584174085435
-14.629130068452143,-14.509137215639889,-14.569133642046015,-0.11999285281225447
-22.075282673415035,-22.372063974274752,-22.223673323844892,0.2967813008597169
-16.347036929062032,-16.412709108307684,-16.379873018684858,0.06567217924565227
-16.59721734586612,-16.867253957796954,-16.732235651831537,0.27003661193083417
-17.653697682901193,-17.627622618248477,-17.640660150574835,-0.026075064652715696
-17.68555096443913,-17.535833719719108,-17.61069234207912,-0.1497172447200228
-15.588048269607967,-15.538694054208378,-15.563371161908172,-0.04935421539958895
-15.892055137496257,-15.87754051799325,-15.884797827744753,-0.014514619503007253
-15.557393426841307,-15.550582053913285,-15.553987740377295,-0.006811372928021697
-16.4169797340715,-16.48349515760145,-16.450237445836475,0.06651542352994966
-18.593418387681886,-18.412412900889592,-18.50291564428574,-0.18100548679229433
-17.31547436549378,-17.644819498722015,-17.4801469321079,0.3293451332282338
-18.252267179879706,-18.223708520697677,-18.23798785028869,-0.02855865918202838
-18.062322743151025,-18.154227638470957,-18.108275190810993,0.09190489531993151
-15.13520207662749,-15.304054396062064,-15.219628236344777,0.16885231943457413
-17.906419915799066,-18.215572699562557,-18.06099630768081,0.30915278376349065
-16.503189119045892,-16.394428127130872,-16.448808623088382,-0.10876099191501964
-16.727054508605523,-16.516534033745458,-16.62179427117549,-0.21052047486006487
-15.11042468546252,-14.900780491310247,-15.005602588386385,-0.20964419415227376
-17.595205088001844,-17.700866420301494,-17.64803575415167,0.10566133229965047
-16.896400138888353,-16.967167765866527,-16.93178395237744,0.07076762697817429
-17.66797755511356,-17.823457153955285,-17.74571735453442,0.15547959884172613
-17.81318399030452,-17.971718714108984,-17.892451352206752,0.15853472380446476
-19.585268683012178,-19.461194377144793,-19.523231530078483,-0.12407430586738499
-15.807749696560105,-15.957700999669933,-15.88272534811502,0.14995130310982852
-17.727609372103633,-17.59652466045585,-17.662067016279742,-0.1310847116477838
-15.726720882962553,-15.623036092211931,-15.674878487587243,-0.10368479075062176
-16.52844736704101,-16.840618839331658,-16.684533103186332,0.3121714722906468
-18.13945891307042,-18.32645784532345,-18.232958379196937,0.18699893225302944
-19.506697783413333,-19.84422091354564,-19.675459348479485,0.3375231301323076
-14.774533187032201,-14.747915764200751,-14.761224475616476,-0.026617422831449744
-18.451075514112603,-18.380044344325587,-18.415559929219093,-0.07103116978701607
-15.964885920044408,-16.005280162637217,-15.985083041340811,0.04039424259280899
-19.76778794373738,-19.854919293182725,-19.811353618460053,0.08713134944534673
-16.55518923504864,-16.63500209585524,-16.59509566545194,0.079812860806598
-17.688771890372575,-17.885283117583903,-17.787027503978237,0.19651122721132808
-18.181102080428204,-18.020396805844026,-18.100749443136117,-0.16070527458417772
-17.18097163348206,-17.2258221919045,-17.20339691269328,0.044850558422439235
-16.642539516528707,-16.480740088927007,-16.561639802727857,-0.16179942760170007
-15.679672174183825,-15.618772356769048,-15.649222265476435,-0.06089981741477679
-19.073940756185298,-19.285514091570498,-19.1797274238779,0.21157333538520007
-16.688380432085797,-16.43528087664617,-16.561830654365984,-0.2530995554396256
-19.754688563317682,-19.544108310484134,-19.64939843690091,-0.2105802528335481
-14.992187109665842,-14.875478825995472,-14.933832967830657,-0.1167082836703699
-15.273691369019895,-15.081750117952915,-15.177720743486404,-0.19194125106698046
-16.76019433462913,-16.90793052510211,-16.834062429865618,0.1477361904729797
-18.524154382755068,-18.15907180301682,-18.341613092885943,-0.36508257973824954
-14.564165061268998,-14.670494428448345,-14.617329744858672,0.10632936717934705
-15.947785758518382,-15.904759703277747,-15.926272730898065,-0.04302605524063452
-16.785840993310092,-16.752057058367466,-16.76894902583878,-0.033783934942626104
-15.740179986020255,-15.669959750723388,-15.705069868371822,-0.07022023529686727
-16.44091424584891,-16.16416199235324,-16.302538119101072,-0.276752253495669
-17.197501326053924,-17.192880607646533,-17.195190966850227,-0.004620718407391422
-18.88154536602133,-18.697810081615984,-18.789677723818656,-0.1837352844053477
-20.059874550893444,-20.07097820782756,-20.065426379360503,0.011103656934118078
-17.327501283645365,-17.25725845657694,-17.29237987011115,-0.07024282706842655
-17.16779316247689,-17.381383085070752,-17.27458812377382,0.21358992259386156
-16.80964918045248,-16.937817673268455,-16.87373342686047,0.12816849281597342
-17.9301531498396,-17.742419045054106,-17.836286097446852,-0.1877341047854948
-15.506045727634561,-15.324798090467858,-15.41542190905121,-0.18124763716670245
-15.544092711274763,-15.325747255053152,-15.434919983163958,-0.21834545622161095
-17.18310170789038,-17.08197040118138,-17.13253605453588,-0.10113130670900006
-17.85109472455832,-18.060900448944544,-17.95599758675143,0.20980572438622502
-17.38137426741915,-17.436343312341023,-17.408858789880085,0.05496904492187227
-15.741292599375498,-15.580832208922157,-15.661062404148828,-0.16046039045334126
-14.494665183033389,-14.481704604172238,-14.488184893602813,-0.012960578861150651
-18.06943605639782,-18.019978484023675,-18.044707270210747,-0.04945757237414483
-15.25738843614162,-15.24386779629582,-15.25062811621872,-0.01352063984579921
-16.641366033964076,-16.54443861399541,-16.592902323979743,-0.09692741996866516
-21.462972845232517,-21.047163919289694,-21.255068382261108,-0.41580892594282304
-15.618877828821411,-15.490547148900692,-15.554712488861052,-0.1283306799207189
-16.839217906882666,-16.840034282005398,-16.839626094444032,0.000816375122731472
-17.122374432198573,-17.087149521696595,-17.104761976947586,-0.03522491050197729
-15.170642205051005,-14.904262904036084,-15.037452554543545,-0.26637930101492024
-16.94597720993394,-16.755794854469055,-16.850886032201497,-0.19018235546488427
-16.850174234733416,-16.894426973341673,-16.872300604037545,0.0442527386082574
-17.022164516893348,-17.008438425508512,-17.015301471200928,-0.013726091384835826
-14.999741545006199,-14.805804608803264,-14.902773076904731,-0.19393693620293462
-15.03489665640447,-14.90256542658976,-14.968731041497115,-0.13233122981471013
-18.495752764808387,-18.39839760600952,-18.447075185408956,-0.09735515879886592
-14.776965623488804,-14.624098431088994,-14.700532027288899,-0.1528671923998104
-19.912377343871853,-20.340112934367887,-20.12624513911987,0.4277355904960345
-14.651304876558141,-14.617053559300187,-14.634179217929164,-0.03425131725795438
-14.230212391640512,-14.131343861602279,-14.180778126621394,-0.09886853003823326
-16.758809567394046,-16.48822495577349,-16.623517261583768,-0.27058461162055636
-14.754838493060499,-14.646502023102988,-14.700670258081743,-0.10833646995751067
-17.33552824606814,-17.463523055631914,-17.399525650850027,0.12799480956377352
-18.575702152500075,-18.57608409052171,-18.575893121510894,0.00038193802163632995
-16.930334127715245,-16.871800709800674,-16.90106741875796,-0.05853341791457112
-16.43789876715948,-16.23327459964292,-16.335586683401203,-0.20462416751655965
-18.670210864540447,-19.046334679307677,-18.858272771924064,0.37612381476722945
-16.29229091285507,-16.283104342909724,-16.287697627882395,-0.009186569945345724
-15.277078579674727,-15.248638471246455,-15.26285852546059,-0.02844010842827238
-17.095286729286933,-16.95385618178785,-17.02457145553739,-0.14143054749908401
-16.185284624467396,-16.01317096877896,-16.09922779662318,-0.17211365568843462
-16.22291171051748,-16.2704082381009,-16.24665997430919,0.04749652758341938
-16.00369508018132,-15.946663428459438,-15.975179254320379,-0.05703165172188207
-15.63931347771852,-15.69245329135829,-15.665883384538406,0.053139813639770495
-17.750858468198462,-18.02379615555291,-17.887327311875687,0.272937687354446
-18.43921592388496,-18.690781079876146,-18.564998501880552,0.25156515599118734
-21.76431411033608,-21.99423845900924,-21.87927628467266,0.22992434867315836
-21.953694427496757,-21.696209724035146,-21.82495207576595,-0.25748470346161056
-18.624006359841204,-18.55239139968295,-18.588198879762075,-0.07161496015825364
-18.9839281474179,-19.000765476979083,-18.99234681219849,0.016837329561184333
-21.1179634472658,-20.8648427704602,-20.991403108863,-0.2531206768056009
-17.276639762502555,-16.984532609655197,-17.130586186078876,-0.29210715284735755
-17.247738442665412,-17.13613994241294,-17.191939192539174,-0.11159850025247309
-19.50189834481176,-19.623070221952702,-19.562484283382233,0.12117187714094158
-17.683203179185465,-17.467726098914305,-17.575464639049883,-0.2154770802711603
-18.371106587059145,-18.73016535176734,-18.550635969413243,0.35905876470819464
-16.120154881079298,-16.180362208449683,-16.15025854476449,0.060207327370385144
-20.083705369894,-20.171030763991418,-20.127368066942708,0.08732539409741946
-18.761413798422424,-18.68994442318946,-18.72567911080594,-0.07146937523296515
-20.52195126177049,-20.77500702077836,-20.648479141274425,0.2530557590078715
-17.230537019781426,-17.21831069792999,-17.224423858855708,-0.01222632185143624
-17.956477342364842,-17.87776337246555,-17.917120357415197,-0.07871396989929025
-18.331342228181114,-18.321627822134854,-18.326485025157986,-0.009714406046260393
-18.209663646340708,-18.261055067377843,-18.235359356859277,0.05139142103713468
-18.678244446122413,-18.565849944116707,-18.62204719511956,-0.11239450200570644
-18.773436976403847,-19.012520204165554,-18.8929785902847,0.2390832277617072
-20.168025155248362,-19.491407856010227,-19.829716505629293,-0.676617299238135
-18.722048242740538,-18.677358961296303,-18.69970360201842,-0.04468928144423501
-18.099082450058123,-17.993821470671698,-18.046451960364912,-0.10526097938642565
-16.87199892714987,-16.630296431070427,-16.751147679110147,-0.24170249607944427
-19.121731813926406,-18.879600128111516,-19.00066597101896,-0.24213168581488986
-19.113702427692235,-19.00610590897348,-19.059904168332857,-0.1075965187187542
-17.898988952368125,-17.79178604078692,-17.845387496577523,-0.10720291158120432
-18.906301501264156,-18.90475163563931,-18.905526568451734,-0.0015498656248453813
-18.371941419087435,-18.46489844633735,-18.418419932712393,0.09295702724991628
-18.296679270320144,-18.480156365099162,-18.38841781770965,0.1834770947790183
-20.198248930688447,-19.880743704495778,-20.03949631759211,-0.31750522619266874
-20.63735230810639,-20.3270772869165,-20.482214797511446,-0.3102750211898915
-18.81480068358321,-18.655613226420005,-18.73520695500161,-0.15918745716320615
-17.827771070840132,-17.66000922479895,-17.743890147819542,-0.16776184604118072
-16.458878479813382,-16.68737449380162,-16.573126486807503,0.22849601398823793
-19.359341229375175,-19.642264585089034,-19.500802907232107,0.2829233557138586
-16.433026448369947,-16.161643914482873,-16.297335181426412,-0.2713825338870741
-17.81751908112352,-17.732198508027423,-17.774858794575472,-0.08532057309609797
-18.23210834474852,-18.09370802497031,-18.16290818485942,-0.13840031977821
-16.799674967162133,-16.68190842142325,-16.74079169429269,-0.11776654573888479
-17.625272681241835,-17.326679729974842,-17.47597620560834,-0.29859295126699337
-20.117696328349698,-19.66985290450826,-19.893774616428978,-0.44784342384143727
-20.085749136378574,-19.687984407434644,-19.88686677190661,-0.39776472894392967
-16.607430032446487,-16.29140171284532,-16.449415872645904,-0.3160283196011662
-18.33416031284942,-18.52842487014486,-18.43129259149714,0.19426455729544045
-17.373561384807637,-17.36842368179919,-17.370992533303415,-0.005137703008447403
-17.933814286685596,-17.75325498330244,-17.84353463499402,-0.18055930338315562
-17.62150092577,-17.888974947234075,-17.755237936502038,0.26747402146407495
-17.254459112709412,-17.265308497022048,-17.25988380486573,0.01084938431263538
-15.565828192353418,-15.767272388996492,-15.666550290674955,0.20144419664307378
-18.722892867301926,-18.78707848559428,-18.7549856764481,0.06418561829235259
-18.646627606253663,-18.600349872219283,-18.62348873923647,-0.04627773403437985
-18.714222483437208,-18.483215614123466,-18.59871904878034,-0.2310068693137417
-19.296138315829715,-18.848509561759407,-19.07232393879456,-0.44762875407030833
-18.620057841727753,-18.6662184101189,-18.64313812592333,0.046160568391147905
-18.079330733917224,-17.902037476117396,-17.99068410501731,-0.1772932577998283
-18.311831204015515,-18.31480384237,-18.313317523192758,0.0029726383544854684
-17.79411928934995,-17.571646119068667,-17.68288270420931,-0.22247317028128322
-17.92684220531308,-17.885889447454055,-17.906365826383567,-0.0409527578590243
-17.20147767726445,-17.26816698450453,-17.23482233088449,0.06668930724007893
-15.955984677667745,-16.033394564829187,-15.994689621248465,0.07740988716144237
-15.954910982009872,-15.903244578346051,-15.929077780177963,-0.05166640366382147
-17.611547550622717,-17.600817124469252,-17.606182337545984,-0.010730426153465089
-19.867610324475173,-19.69410181002131,-19.78085606724824,-0.1735085144538644
-17.721574396996747,-17.599395006598172,-17.660484701797458,-0.12217939039857484
-18.50477832497387,-18.330510675389064,-18.417644500181467,-0.1742676495848059
-17.473239598439022,-17.365168586599292,-17.41920409251916,-0.10807101183972989
-17.55712672131519,-17.52196021625501,-17.539543468785098,-0.03516650506017882
-16.953489353695147,-17.000911643268555,-16.97720049848185,0.047422289573407994
-16.009454069900773,-15.862827602810885,-15.936140836355829,-0.14662646708988802
-17.19091307289912,-17.197841252864944,-17.194377162882034,0.006928179965822068
-19.84914442975467,-19.737876314390128,-19.793510372072397,-0.11126811536454184
-17.41954911186826,-17.272306362216895,-17.34592773704258,-0.1472427496513653
-19.40858713335801,-21.26197338402303,-20.33528025869052,1.853386250665018
-18.235548575011364,-18.029465695535976,-18.13250713527367,-0.20608287947538884
-17.611481144626765,-17.56690486159354,-17.589193003110154,-0.04457628303322636
-18.400083207404812,-18.20700033264884,-18.303541770026825,-0.19308287475597297
-16.29869268745426,-16.157493642123477,-16.228093164788866,-0.14119904533078298
-16.983300115936892,-16.841543967595804,-16.912422041766348,-0.14175614834108785
-17.649003420306435,-18.551078882043193,-18.100041151174814,0.9020754617367572
-18.330975243317702,-18.210849996697867,-18.270912620007785,-0.12012524661983548
-15.741720953330223,-15.694127667445187,-15.717924310387705,-0.04759328588503564
-16.07587713771918,-16.184393850538388,-16.130135494128783,0.10851671281920972
-17.72642082928146,-17.59118325955744,-17.65880204441945,-0.13523756972401912
-17.429175978502805,-17.32761965502167,-17.378397816762238,-0.10155632348113386
-18.190963427978243,-18.077276818567967,-18.134120123273107,-0.11368660941027642
-19.167657772646752,-19.54121332636421,-19.35443554950548,0.3735555537174591
-19.81252742859193,-19.512540940365437,-19.662534184478684,-0.29998648822649443
-15.442635253963429,-15.288536339759675,-15.365585796861552,-0.15409891420375388
-15.613500342704349,-15.320900073767291,-15.46720020823582,-0.2926002689370577
-15.399016764853792,-15.336305835187083,-15.367661300020437,-0.06271092966670899
-15.75793333883281,-15.686547459450901,-15.722240399141857,-0.07138587938190888
-19.587769728109887,-19.316998317018854,-19.45238402256437,-0.2707714110910331
-17.414380746958173,-17.414482948864038,-17.414431847911104,0.0001022019058645185
-20.770077399462384,-20.60358556569466,-20.686831482578523,-0.16649183376772214
-16.9569360411883,-17.220895706926946,-17.088915874057623,0.26395966573864627
-15.371942486050438,-15.502158283127965,-15.437050384589202,0.13021579707752728
-16.985364982746848,-16.8225042279558,-16.903934605351324,-0.16286075479104767
-17.26604656120584,-17.205061473012762,-17.2355540171093,-0.06098508819307824
-16.56700905836073,-16.59925847996385,-16.583133769162288,0.032249421603122386
-18.632714499827102,-19.10972535323541,-18.871219926531257,0.4770108534083093
-17.16974301485576,-17.027995716376914,-17.098869365616338,-0.14174729847884748
-17.577894344448524,-17.531570160613306,-17.554732252530915,-0.046324183835217525
-16.646645548684983,-16.67863682658826,-16.662641187636623,0.03199127790327694
-16.15387332192714,-16.102505257849295,-16.12818928988822,-0.05136806407784533
-18.3052113299312,-18.16516450575736,-18.23518791784428,-0.14004682417384018
-16.032475171481888,-16.003267685769096,-16.01787142862549,-0.02920748571279219
-17.043709162772995,-16.998785254820472,-17.021247208796733,-0.04492390795252277
-15.806021606702217,-15.618387058003954,-15.712204332353085,-0.1876345486982629
-15.665032670174538,-15.56949040848248,-15.61726153932851,-0.09554226169205826
-14.681255557364203,-14.803289285374946,-14.742272421369574,0.1220337280107433
-18.38839112197588,-18.474548392386197,-18.431469757181038,0.08615727041031818
-15.960867037916765,-16.09303448348871,-16.02695076070274,0.13216744557194637
-17.068621613742653,-17.139142536102604,-17.10388207492263,0.07052092235995033
-17.656662494710872,-17.72695377200437,-17.691808133357622,0.07029127729349938
-17.33291584822639,-17.364865973525717,-17.34889091087605,0.03195012529932839
-18.762947377064453,-18.730912042223537,-18.746929709643993,-0.03203533484091636
-15.602502205819142,-15.480418398350839,-15.54146030208499,-0.12208380746830372
-17.790927402767192,-18.055157789130163,-17.92304259594868,0.26423038636297136
-16.27062431513345,-16.242572965906856,-16.256598640520153,-0.028051349226593913
-20.8468534486613,-19.881022094047907,-20.363937771354603,-0.9658313546133925
-15.241105465258572,-15.057041648490175,-15.149073556874374,-0.184063816768397
-17.90565075264726,-17.684570974413063,-17.795110863530162,-0.22107977823419844
-15.235991764031382,-15.230373018697552,-15.233182391364467,-0.005618745333830333
-15.27203790127337,-15.121475888550417,-15.196756894911893,-0.15056201272295233
-16.68245126685898,-16.553110079041467,-16.617780672950225,-0.1293411878175128
-16.692011962549856,-16.518270672544553,-16.605141317547204,-0.17374129000530303
-14.631360676357383,-14.52755726501698,-14.579458970687181,-0.10380341134040272
-22.671728255787716,-22.2350723432504,-22.45340029951906,-0.43665591253731506
-17.260372601025374,-17.023671179258844,-17.14202189014211,-0.2367014217665293
-16.405228085640505,-16.17639216605778,-16.29081012584914,-0.22883591958272476
-20.170467941102977,-19.336985389815226,-19.7537266654591,-0.8334825512877515
-18.25787124569184,-18.20819672472239,-18.233033985207115,-0.04967452096945024
-15.63990678417891,-15.659811555976233,-15.649859170077573,0.019904771797323306
-20.396192450757365,-19.78559001275584,-20.0908912317566,-0.6106024380015249
-16.93049150371843,-16.748671085762297,-16.839581294740363,-0.18182041795613202
-15.64901941716379,-15.65373742468675,-15.651378420925269,0.0047180075229587
-14.554815096127149,-14.221141546829315,-14.387978321478233,-0.3336735492978331
-16.77124263385651,-16.754638110230665,-16.762940372043587,-0.01660452362584408
-19.642166759924397,-19.384323137745113,-19.513244948834753,-0.25784362217928347
-14.883731961120542,-14.640472511200649,-14.762102236160596,-0.24325944991989346
-14.826836122763284,-14.734019798639416,-14.78042796070135,-0.0928163241238682
-15.92995427283438,-16.061009847012834,-15.995482059923606,0.13105557417845404
-16.38816723548452,-16.40293809456655,-16.395552665025534,0.014770859082030796
-17.519003168132404,-17.671002590095036,-17.59500287911372,0.15199942196263194
-17.857800463262766,-17.882608671448732,-17.87020456735575,0.024808208185966407
-18.620370398538714,-18.626947373979128,-18.623658886258923,0.00657697544041369
-16.47424212955149,-16.468391437350018,-16.471316783450753,-0.005850692201473606
-17.727528184862418,-17.47872152696283,-17.603124855912625,-0.2488066578995891
-17.017692570263087,-16.964243150032857,-16.990967860147972,-0.053449420230229805
-15.2843413604099,-15.238607718800168,-15.261474539605034,-0.0457336416097327
-15.666318930308732,-15.59200037571074,-15.629159653009737,-0.0743185545979923
-16.026158372020564,-16.19587757379793,-16.111017972909245,0.16971920177736521
-15.816444899976016,-15.607814461386237,-15.712129680681127,-0.20863043858977903
-18.270029504370072,-19.102516803411962,-18.686273153891015,0.8324872990418903
-15.52620352291879,-15.50657069719226,-15.516387110055526,-0.019632825726530356
-16.949770469322747,-16.961804474456052,-16.9557874718894,0.012034005133305214
-16.06605680197448,-16.054883476862987,-16.060470139418733,-0.011173325111492716
-17.842363303897603,-17.665276379231422,-17.753819841564514,-0.17708692466618103
-16.452103314632797,-16.47958853837336,-16.46584592650308,0.027485223740562503
-15.815378544636419,-15.776486273915022,-15.795932409275721,-0.038892270721396116
-15.760439260020382,-15.80157773141459,-15.781008495717487,0.04113847139420734
-16.20958487030763,-16.240381971829684,-16.224983421068657,0.030797101522054504
-15.789544253497235,-15.723769584772903,-15.756656919135068,-0.06577466872433213
-17.135285913894396,-17.06501664560506,-17.100151279749728,-0.0702692682893371
-16.82092371540331,-16.730659797146146,-16.775791756274728,-0.09026391825716473
-15.535508325790772,-15.361289773766654,-15.448399049778713,-0.17421855202411862
-16.26819017327257,-16.157374285550784,-16.212782229411676,-0.11081588772178463
-15.61537394333968,-15.560749338086588,-15.588061640713134,-0.05462460525309254
-14.983071577823523,-15.079350380470911,-15.031210979147218,0.09627880264738842
-15.372744492130549,-15.311093112392282,-15.341918802261414,-0.061651379738266954
-17.129387257744323,-17.041882559125895,-17.08563490843511,-0.08750469861842802
-16.331720957276826,-16.781720171632188,-16.55672056445451,0.44999921435536194
-16.67363747728588,-16.71931832728001,-16.696477902282943,0.04568084999413102
-16.524893569022314,-16.461127122930964,-16.49301034597664,-0.06376644609134985
-17.013350870981636,-16.86606220310128,-16.93970653704146,-0.14728866788035688
-16.321229868253436,-16.414689505787237,-16.36795968702034,0.09345963753380104
-17.237380255626636,-17.153987593165798,-17.195683924396217,-0.0833926624608381
-24.73151939591912,-25.34231563652503,-25.036917516222076,0.6107962406059109
-16.570829606847703,-16.665289146007183,-16.618059376427443,0.09445953915948024
-15.418012267254934,-15.470665612621513,-15.444338939938223,0.052653345366579174
-17.147788042012802,-17.245334875526193,-17.196561458769498,0.0975468335133911
-17.984557076191,-17.887110713020792,-17.935833894605896,-0.0974463631702065
-16.463660516101925,-16.411192098435478,-16.4374263072687,-0.0524684176664465
-17.6301472518525,-17.474225725534424,-17.55218648869346,-0.15592152631807465
-15.514180753928493,-15.304991873294355,-15.409586313611424,-0.20918888063413732
-20.25765773962631,-20.73929052214339,-20.49847413088485,0.4816327825170781
-16.51907087972588,-16.393065495612646,-16.456068187669263,-0.1260053841132347
-17.940732017975503,-18.055706349916615,-17.99821918394606,0.11497433194111295
-15.820273488490669,-15.65222160946803,-15.73624754897935,-0.16805187902263796
-15.287498824307987,-15.103195141758544,-15.195346983033264,-0.18430368254944263
-16.51059128047249,-16.44784763668154,-16.479219458577013,-0.06274364379094877
-17.974147956919055,-18.21408594672169,-18.09411695182037,0.23993798980263392
-15.477307603537168,-15.473293372841079,-15.475300488189124,-0.004014230696089527
-17.514282798655323,-17.1716393935823,-17.342961096118813,-0.34264340507302293
-17.76124545227155,-17.710526413829903,-17.735885933050724,-0.05071903844164538
-14.816397013881645,-14.863962748260018,-14.840179881070831,0.04756573437837375
-18.212378788694107,-18.25838957320113,-18.23538418094762,0.046010784507021896
-16.11433163813367,-16.063031462771875,-16.088681550452772,-0.05130017536179565
-17.220908618735358,-17.21147932220482,-17.216193970470087,-0.009429296530537812
-19.24637444601173,-19.299777561875104,-19.273076003943416,0.053403115863375206
-15.779747432172758,-15.720663323422535,-15.750205377797647,-0.05908410875022341
-15.582397642123762,-15.472134268018351,-15.527265955071057,-0.11026337410541132
-15.260652386735726,-15.539549405326827,-15.400100896031276,0.27889701859110083
-16.47968687498524,-16.55740945063919,-16.518548162812216,0.0777225756539508
-15.205375498268936,-15.208036998538724,-15.20670624840383,0.002661500269788064
-18.301771173299468,-18.058646973779684,-18.180209073539576,-0.2431241995197837
-15.640307740139438,-15.747824320238312,-15.694066030188875,0.10751658009887421
-16.34848144645912,-16.404110340378338,-16.376295893418728,0.05562889391921644
-17.193148178457644,-17.08847785139337,-17.140813014925506,-0.10467032706427304
-18.00155566059827,-17.744654801884245,-17.873105231241258,-0.256900858714026
-15.843381855769003,-15.537444666127506,-15.690413260948255,-0.3059371896414973
-16.43754403568872,-16.400616437359517,-16.419080236524117,-0.03692759832920345
-15.761261914264075,-15.797143375130183,-15.77920264469713,0.03588146086610777
-16.28149938604929,-16.58773116021985,-16.43461527313457,0.30623177417055913
-18.14202147265626,-17.921012079496126,-18.031516776076195,-0.22100939316013424
-16.5246580158575,-16.554846328477673,-16.53975217216759,0.030188312620172297
-16.09842027298919,-16.030025274581618,-16.064222773785403,-0.06839499840757313
-15.913679729063741,-15.944568019818252,-15.929123874440997,0.03088829075451116
-15.979886074163984,-15.817757541150117,-15.89882180765705,-0.16212853301386687
-17.44545016944706,-17.21077996340087,-17.328115066423965,-0.23467020604618938
-17.056641693917435,-16.877876895417568,-16.9672592946675,-0.17876479849986637
-17.115669276530795,-17.0933275795745,-17.104498428052647,-0.022341696956296175
-15.547261198434077,-15.58865279136419,-15.567956994899134,0.041391592930112964
-17.114337349634244,-17.58668036495527,-17.350508857294756,0.4723430153210266
-20.120072138614375,-20.163557111663824,-20.141814625139098,0.04348497304944843
-14.755561521567584,-14.602413795757496,-14.678987658662539,-0.15314772581008818
-14.539666569151416,-14.544621114943078,-14.542143842047247,0.004954545791662213
-14.52131198319439,-14.542931624047903,-14.532121803621147,0.021619640853511868
-16.50149511084327,-16.616373550400986,-16.55893433062213,0.11487843955771737
-14.960388941858337,-14.814732694776499,-14.887560818317418,-0.14565624708183833
-19.224079413843164,-19.096820469408346,-19.160449941625757,-0.12725894443481778
-17.053129257254472,-17.092699023934184,-17.072914140594328,0.039569766679711904
-19.114717614366455,-18.981100787130302,-19.04790920074838,-0.1336168272361533
-20.21020559483266,-20.25623436232995,-20.233219978581303,0.04602876749728679
-16.143349440646137,-16.12580866213097,-16.134579051388556,-0.017540778515165556
-16.162960495472436,-16.157359415073994,-16.160159955273215,-0.005601080398442093
-17.00426170197075,-16.916746870364115,-16.960504286167435,-0.08751483160663653
-18.094057065361227,-18.01267423789608,-18.053365651628653,-0.08138282746514847
-15.86874587740349,-15.713661400249482,-15.791203638826486,-0.1550844771540092
-15.605231464240504,-15.55898539497076,-15.582108429605633,-0.04624606926974373
-17.589378428295387,-17.413404757549756,-17.501391592922573,-0.17597367074563053
-15.10994407072323,-15.03896190844268,-15.074452989582955,-0.07098216228055065
-17.440868225220907,-17.33525952069515,-17.38806387295803,-0.10560870452575699
-15.215528223135717,-15.067463549028794,-15.141495886082255,-0.14806467410692292
-18.212674987304375,-17.97556189014516,-18.094118438724767,-0.23711309715921658
-19.285263369061024,-19.46246996040445,-19.373866664732738,0.17720659134342753
-14.409189076273238,-14.308864219288706,-14.359026647780972,-0.10032485698453186
-14.89914304784709,-14.732927640987544,-14.816035344417317,-0.16621540685954628
-14.226336329717265,-14.218255455579197,-14.22229589264823,-0.00808087413806824
-14.87401938630611,-14.686429196682244,-14.780224291494177,-0.1875901896238652
-15.489732986286207,-15.555204375599903,-15.522468680943055,0.06547138931369645
-14.78678272625642,-14.61944580324597,-14.703114264751196,-0.1673369230104509
-16.016624251379174,-16.038053652362432,-16.027338951870803,0.021429400983258517
-14.982679308690573,-14.85413845113586,-14.918408879913216,-0.12854085755471267
-15.86859378101805,-15.899705413967908,-15.884149597492979,0.031111632949857082
-16.505672093667112,-16.485773052175155,-16.49572257292113,-0.019899041491957092
-15.711184022351409,-15.67054278940217,-15.69086340587679,-0.04064123294923938
-16.89624032751471,-16.7887781804132,-16.842509253963954,-0.10746214710151136
-16.257868711600526,-16.33854293333026,-16.29820582246539,0.08067422172973338
-18.298209061319884,-18.358581660907674,-18.328395361113778,0.06037259958779018
-17.078802526696485,-17.04793737703495,-17.063369951865717,-0.03086514966153686
-19.19396274708056,-19.503074875683502,-19.34851881138203,0.3091121286029441
-19.04848440368801,-19.015299811977457,-19.031892107832732,-0.033184591710554656
-17.64654197631726,-17.33749043763836,-17.49201620697781,-0.3090515386789008
-20.190357661151076,-20.05018153790597,-20.120269599528523,-0.1401761232451051
-16.326116363379406,-16.286459747656636,-16.30628805551802,-0.03965661572276957
-17.72076725823163,-17.785722896454963,-17.753245077343294,0.06495563822333494
-14.796330455018321,-14.571719091992403,-14.684024773505362,-0.2246113630259181
-17.630855380017454,-17.621888395382495,-17.626371887699975,-0.008966984634959374
-17.705763241469725,-17.847106218047173,-17.77643472975845,0.1413429765774481
-15.848928206945077,-15.892341988261041,-15.87063509760306,0.04341378131596407
-16.486351049606125,-16.68517892124958,-16.58576498542785,0.19882787164345572
-16.222080705072315,-16.289573428205607,-16.25582706663896,0.06749272313329158
-17.135576918936028,-17.4523465655216,-17.293961742228817,0.3167696465855734
-16.09779855979899,-16.00535206549194,-16.051575312645465,-0.09244649430704754
-20.859195096151517,-20.954092218776445,-20.90664365746398,0.09489712262492844
-15.204316707008397,-15.206524485943616,-15.205420596476007,0.0022077789352188404
-15.060321925638897,-15.080609117445267,-15.070465521542083,0.02028719180636962
-20.575518097151445,-20.215074624067093,-20.39529636060927,-0.3604434730843522
-16.698426355326657,-17.10285525131229,-16.900640803319472,0.4044288959856317
-16.60518863053627,-16.35568214713947,-16.48043538883787,-0.24950648339680015
-27.09813524230541,-28.245730661746492,-27.67193295202595,1.1475954194410818
-20.819838539870393,-20.850143823742478,-20.834991181806437,0.030305283872085198
-17.76868901223818,-17.698384206026738,-17.733536609132457,-0.07030480621144264
-14.595082533546048,-14.647622644890998,-14.621352589218523,0.052540111344949736
-15.88700865262501,-16.003126406487514,-15.945067529556262,0.116117753862504
-17.594255594497962,-17.678010214371085,-17.636132904434525,0.0837546198731225
-16.417860562447025,-16.184508655631113,-16.30118460903907,-0.233351906815912
-22.69401090278521,-22.14542692433387,-22.41971891355954,-0.5485839784513402
-20.277668256591014,-20.64086165458979,-20.459264955590402,0.3631933979987778
-18.161538839176792,-18.116760528112177,-18.139149683644483,-0.04477831106461494
-18.92156813161865,-18.82190118136252,-18.871734656490585,-0.09966695025612893
-16.53454272686508,-16.78172742170309,-16.658135074284083,0.2471846948380083
-16.57964043089188,-16.48974137009006,-16.534690900490972,-0.08989906080182308
-18.796718401541284,-18.671290875187935,-18.73400463836461,-0.12542752635334864
-16.14861082157614,-16.09260325956742,-16.120607040571777,-0.0560075620087197
-15.491388678497184,-15.31024122406598,-15.400814951281582,-0.18114745443120484
-17.60210662074357,-17.59719875785705,-17.59965268930031,-0.004907862886518899
-17.74719212668378,-17.674758599469424,-17.710975363076603,-0.0724335272143577
-15.191517853232236,-15.008961401780088,-15.100239627506163,-0.1825564514521485
-15.636525222172452,-15.543511528770743,-15.590018375471598,-0.09301369340170851
-15.446784677301274,-15.38803847459386,-15.417411575947567,-0.058746202707414596
-19.546873038988256,-20.028202517814158,-19.78753777840121,0.48132947882590216
-17.304661381070186,-17.22223962449175,-17.26345050278097,-0.08242175657843731
-17.16905803758714,-16.951385020704876,-17.060221529146006,-0.21767301688226226
-16.52846830621564,-16.42770120735319,-16.478084756784416,-0.10076709886244828
-16.659849692128134,-16.679308592808788,-16.66957914246846,0.019458900680653812
-19.462140879841833,-19.524681465471403,-19.493411172656618,0.06254058562956999
-18.653431143928206,-18.415389228077977,-18.534410186003093,-0.2380419158502285
-17.87962060576841,-17.85179545151679,-17.8657080286426,-0.027825154251619466
-16.067439409938622,-16.20655430165887,-16.136996855798746,0.13911489172024716
-15.904227802978395,-15.842050013994804,-15.873138908486599,-0.0621777889835915
-16.122861936731162,-16.018973652662687,-16.070917794696925,-0.10388828406847495
-17.831755391871592,-17.754464763383297,-17.793110077627446,-0.07729062848829571
-16.540022100022473,-16.319416785924055,-16.429719442973266,-0.22060531409841744
-14.87448027628841,-14.811542010702968,-14.843011143495689,-0.06293826558544069
-17.080537530999788,-17.27599838697209,-17.17826795898594,0.19546085597230345
-15.212917574286227,-15.085352473891573,-15.1491350240889,-0.12756510039465319
-15.888628226286958,-15.86395082679924,-15.876289526543099,-0.024677399487718077
-16.6671941723768,-16.700521382490642,-16.683857777433722,0.033327210113842654
-20.150377474131915,-19.868057679946002,-20.00921757703896,-0.2823197941859128
-17.885299572128496,-17.928869245741943,-17.90708440893522,0.043569673613447435
-18.53103913331514,-18.849176054714786,-18.69010759401496,0.31813692139964544
-18.24755406331739,-18.16900075616778,-18.208277409742585,-0.07855330714961184
-15.499171262494725,-15.401030808720114,-15.45010103560742,-0.09814045377461156
-18.85227322162331,-19.02917321284802,-18.940723217235664,0.17689999122470823
-16.169627573053614,-16.045687122020656,-16.107657347537135,-0.12394045103295781
-19.85725170272162,-19.635609081499535,-19.746430392110575,-0.22164262122208456
-17.271970415828136,-17.273318375738334,-17.272644395783235,0.0013479599101984263
-17.462248102851202,-17.341987545323203,-17.402117824087203,-0.12026055752799891
-16.703744654455367,-16.66542430039611,-16.684584477425737,-0.03832035405925538
-16.223907397770343,-16.119905865320177,-16.171906631545262,-0.10400153245016597
-17.329522641166967,-17.17532939731841,-17.25242601924269,-0.1541932438485567
-18.61132646449419,-18.515113870632767,-18.56322016756348,-0.09621259386142356
-19.16793998580473,-19.56235620445293,-19.36514809512883,0.39441621864819965
-16.625329076191594,-16.522534993282555,-16.573932034737076,-0.10279408290903902
-20.451447349689154,-20.278076873171507,-20.36476211143033,-0.17337047651764692
-14.959955813582946,-14.91707239851303,-14.938514106047988,-0.042883415069916
-18.032470424104048,-17.817127940225166,-17.924799182164605,-0.21534248387888155
-16.412900803131368,-16.561184775342,-16.487042789236682,0.14828397221063128
-19.00344465043735,-18.976810354307723,-18.990127502372538,-0.026634296129625312
-16.218277852284775,-16.380726879096812,-16.299502365690792,0.16244902681203754
-18.791685829409033,-18.596179882383538,-18.693932855896286,-0.19550594702549517
-16.697748696029585,-16.74409090788427,-16.720919801956928,0.0463422118546859
-16.063321882637315,-15.974741601020792,-16.019031741829053,-0.08858028161652243
-15.552679533820081,-15.519135577976977,-15.535907555898529,-0.0335439558431041
-17.185198060864632,-17.103349188955217,-17.144273624909925,-0.08184887190941481
-17.54091381814997,-17.45389515514445,-17.497404486647213,-0.08701866300551941
-16.111494978098957,-15.959978656153584,-16.03573681712627,-0.15151632194537257
-17.715533057365736,-17.62615691240203,-17.670844984883885,-0.08937614496370472
-15.533167454100985,-15.36451676869503,-15.448842111398008,-0.1686506854059555
-18.748913654781905,-18.64013147439117,-18.694522564586535,-0.10878218039073673
-14.85937186263056,-14.952633452160997,-14.906002657395778,0.09326158953043695
-17.457677723967564,-17.294870510019912,-17.376274116993738,-0.16280721394765152
-15.77734972950109,-15.88437542704163,-15.830862578271361,0.10702569754054103
-17.374632591610293,-17.44239380821225,-17.40851319991127,0.067761216601955
-15.35344362800187,-15.381015942815196,-15.367229785408533,0.02757231481332667
-16.757142668234145,-16.725861428056053,-16.7415020481451,-0.03128124017809242
-21.052359416994612,-20.881327316250164,-20.96684336662239,-0.17103210074444775
-19.076407636326422,-19.225347377625067,-19.150877506975746,0.14893974129864418
-19.39662119401014,-19.335506479755658,-19.3660638368829,-0.061114714254483005
-14.992664999476792,-14.97572955793202,-14.984197278704407,-0.016935441544772445
-17.565185492458703,-17.745717936587553,-17.655451714523128,0.1805324441288505
-16.19411494240524,-16.073709063117438,-16.13391200276134,-0.12040587928780155
-15.503550912529604,-15.18416447167301,-15.343857692101308,-0.3193864408565936
-17.23347940838903,-17.048388266944627,-17.14093383766683,-0.18509114144440275
-16.2855226199638,-16.219384364736975,-16.252453492350387,-0.06613825522682504
-21.29754691448779,-21.4692626740722,-21.383404794279997,0.1717157595844121
-17.490650431396183,-17.471302992389695,-17.48097671189294,-0.019347439006487832
-15.748816235345448,-15.761528654638074,-15.75517244499176,0.01271241929262601
-15.911886650251208,-15.86667927619984,-15.889282963225524,-0.04520737405136899
-18.193549570016387,-17.491042725050878,-17.84229614753363,-0.7025068449655087
-14.680346592174978,-14.707567497820795,-14.693957044997887,0.027220905645817695
-15.507801861062427,-15.460502234347654,-15.484152047705042,-0.04729962671477317
-16.634479155973033,-16.57468730181709,-16.60458322889506,-0.059791854155943014
-15.515457725321856,-15.376371171766724,-15.44591444854429,-0.13908655355513133
-17.227212326372246,-17.424602070997587,-17.325907198684916,0.1973897446253403
-16.54490528622792,-16.134013551835118,-16.33945941903152,-0.410891734392802
-18.4125154838699,-17.88285103068383,-18.147683257276867,-0.5296644531860686
-15.548631380764892,-15.84484135087158,-15.696736365818236,0.2962099701066876
-14.716620273459862,-14.549378190250502,-14.632999231855182,-0.1672420832093593
-17.374366460129963,-17.05503808168205,-17.214702270906006,-0.3193283784479135
-17.872729542906548,-17.917733950348428,-17.895231746627488,0.045004407441879835
-18.52314210677059,-18.35786068662382,-18.440501396697204,-0.16528142014676916
-16.57034747451101,-16.48912970316556,-16.529738588838285,-0.08121777134545027
-16.106564936310782,-15.911521115770196,-16.009043026040487,-0.19504382054058667
-15.63846665505263,-15.63672390600525,-15.63759528052894,-0.0017427490473806984
-17.335489932367498,-17.44346150176937,-17.389475717068436,0.10797156940187236
-16.997147192374854,-16.886548985185673,-16.94184808878026,-0.1105982071891809
-17.13397933730708,-16.973696653416784,-17.05383799536193,-0.1602826838902942
-17.713601836288912,-17.690179755579393,-17.701890795934155,-0.023422080709519122
-17.302494708532006,-17.380798097378783,-17.341646402955394,0.07830338884677701
-15.203813147629033,-15.193961098976374,-15.198887123302704,-0.009852048652659207
-18.727871679295905,-18.464179631166814,-18.596025655231358,-0.26369204812909075
-15.995558324009528,-15.787093215652503,-15.891325769831015,-0.20846510835702503
-16.167095397851522,-16.31046102217266,-16.238778210012093,0.14336562432113809
-17.386646292114573,-17.296607385818923,-17.341626838966747,-0.09003890629564992
-19.562927348172455,-19.860262899692923,-19.71159512393269,0.29733555152046875
-21.028282419908166,-21.23795376143667,-21.13311809067242,0.2096713415285052
-15.066326656500802,-14.969306511978061,-15.017816584239432,-0.09702014452274099
-18.17674212332865,-18.251205259302594,-18.213973691315623,0.07446313597394294
-17.83419156499894,-18.081343284311572,-17.957767424655255,0.24715171931263313
-20.903794563556175,-20.926185088595645,-20.91498982607591,0.022390525039469367
-17.53184233109254,-17.3871636027638,-17.45950296692817,-0.14467872832874207
-18.082502865283,-18.154540625057138,-18.11852174517007,0.07203775977413684
-16.09871755257689,-15.930157420456279,-16.014437486516584,-0.16856013212061072
-15.86300986437624,-15.740158968347043,-15.801584416361642,-0.12285089602919719
-20.36692530133564,-20.333259537224365,-20.350092419280003,-0.03366576411127653
-16.743667296783364,-17.122202927907047,-16.932935112345206,0.3785356311236825
-14.8202412933458,-14.838960064146969,-14.829600678746385,0.01871877080116846
-15.276801908466501,-15.14972011678551,-15.213261012626006,-0.12708179168099143
-15.47082296409737,-15.301967221125814,-15.386395092611592,-0.16885574297155515
-17.79479379061292,-17.697867645659336,-17.74633071813613,-0.09692614495358498
-17.832145329892438,-17.74267841988351,-17.787411874887972,-0.0894669100089267
-16.044070340717468,-16.076775314910883,-16.060422827814175,0.03270497419341467
-15.509049932958566,-15.531649339022636,-15.520349635990602,0.022599406064069072
-17.657194620710268,-17.51050004368915,-17.58384733219971,-0.146694577021119
-19.55403559684128,-19.499819946011886,-19.526927771426585,-0.054215650829394946
-18.286571782303678,-18.418122080851916,-18.3523469315778,0.13155029854823752
-19.681558230091408,-20.08776199266451,-19.88466011137796,0.406203762573103
-17.724724252461957,-17.760780030081392,-17.742752141271673,0.03605577761943479
-16.534910959747954,-16.506396306915043,-16.5206536333315,-0.02851465283291077
-16.255898629373533,-16.177279772837913,-16.216589201105723,-0.07861885653561984
-16.57793144134269,-16.51603691018653,-16.54698417576461,-0.06189453115616317
-18.122566496712558,-18.040464839711518,-18.081515668212038,-0.08210165700104
-18.45680680749268,-18.352261042277558,-18.40453392488512,-0.10454576521512138
-15.709502547304828,-15.772540383784243,-15.741021465544534,0.06303783647941508
-18.365233880111962,-18.11652342844721,-18.240878654279584,-0.2487104516647527
-19.91625916021232,-19.241952700694956,-19.579105930453636,-0.6743064595173642
-16.10646361057947,-16.083679354029936,-16.095071482304704,-0.022784256549535087
-15.44649663563951,-15.395634486540295,-15.421065561089904,-0.05086214909921516
-17.30647518639495,-17.32971205815597,-17.318093622275462,0.023236871761017852
-15.511200290689594,-15.309737382801675,-15.410468836745634,-0.20146290788791887
-19.01183566118514,-18.679805783810224,-18.84582072249768,-0.3320298773749144
-18.60550523776099,-18.666204062044763,-18.635854649902875,0.06069882428377227
-15.811597442100041,-15.826246259807004,-15.818921850953522,0.014648817706962802
-17.808939004282767,-18.327418771151223,-18.068178887716996,0.518479766868456
-15.100625938013911,-15.18778662312549,-15.144206280569701,0.08716068511157893
-16.6501922614116,-16.56911190474419,-16.609652083077897,-0.08108035666741031
-15.057920206293424,-15.054322023899324,-15.056121115096374,-0.0035981823941000357
-14.513921811512187,-14.54646977445649,-14.530195792984339,0.032547962944303066
-18.857134886244992,-18.723834660255243,-18.790484773250117,-0.13330022598974978
-16.744597276007255,-16.900956391839692,-16.822776833923474,0.1563591158324371
-16.166192447174073,-16.126233553597544,-16.146213000385806,-0.03995889357652871
-18.01977140827863,-17.930819078368025,-17.975295243323327,-0.08895232991060453
-15.871896320696688,-15.832734436458994,-15.852315378577842,-0.03916188423769462
-16.26979800302724,-16.247569023710923,-16.258683513369082,-0.022228979316317066
-15.471937749896941,-15.271714367025954,-15.371826058461448,-0.20022338287098762
-16.947136576986242,-16.85118975892651,-16.899163167956374,-0.09594681805973337
-17.460390505390134,-17.44113574067098,-17.450763123030555,-0.019254764719153883
-15.361252908174643,-15.398746324842971,-15.379999616508808,0.03749341666832784
-15.082509731521592,-15.071940484565337,-15.077225108043464,-0.01056924695625483
-14.774391829723617,-14.639977073908913,-14.707184451816264,-0.13441475581470463
-17.76492845332801,-17.851860248175228,-17.80839435075162,0.08693179484721725
-17.827788148842505,-17.864417458196268,-17.846102803519386,0.03662930935376352
-17.051110886109868,-16.930667932779627,-16.990889409444748,-0.12044295333024024
-16.85541882777215,-16.73441801261533,-16.79491842019374,-0.12100081515682248
-15.047915699805191,-15.240053518328574,-15.143984609066884,0.19213781852338307
-17.190413949590525,-17.08188738344556,-17.13615066651804,-0.10852656614496325
-17.450170654979996,-17.36006990156837,-17.405120278274183,-0.09010075341162604
-17.10996251801539,-16.721085088357736,-16.915523803186563,-0.38887742965765426
-16.203457889047527,-16.11567726840623,-16.15956757872688,-0.08778062064129699
-23.401361967757687,-22.29488057010294,-22.848121268930313,-1.106481397654747
-26.62865201849654,-26.10954294505032,-26.36909748177343,-0.51910907344622
-15.602919885382947,-15.459866680915209,-15.531393283149079,-0.14305320446773884
-15.979531564212126,-15.99465370734876,-15.987092635780442,0.015122143136634847
-15.798885733628577,-15.682082839262712,-15.740484286445644,-0.11680289436586477
-17.110311680871582,-17.25406010844496,-17.18218589465827,0.14374842757337802
-17.537323801183003,-17.412954796638658,-17.475139298910833,-0.12436900454434507
-15.714634357753413,-15.552003720562793,-15.633319039158103,-0.16263063719062032
-17.35703902701198,-17.243205375672524,-17.30012220134225,-0.11383365133945489
-21.866066837645334,-22.611987842442726,-22.239027340044032,0.7459210047973919
-16.313574892378618,-16.258988951101273,-16.286281921739945,-0.054585941277345285
-16.94598079597654,-16.842254684259977,-16.894117740118258,-0.10372611171656132
-18.026440663307405,-18.062903487528207,-18.044672075417807,0.03646282422080205
-18.77175577219406,-18.631979262903005,-18.701867517548532,-0.13977650929105323
-18.02736575496295,-18.043111416045484,-18.035238585504217,0.015745661082533502
-15.916256509298428,-15.784215969545656,-15.850236239422042,-0.1320405397527722
-15.931852442952755,-16.03729881365998,-15.984575628306366,0.10544637070722551
-15.397189974732742,-15.215714713973046,-15.306452344352895,-0.18147526075969544
-18.440058397187276,-18.37016804938314,-18.405113223285205,-0.06989034780413661
-15.003385105582813,-14.992309672463607,-14.99784738902321,-0.011075433119206224
-16.4296160361909,-16.469969582967728,-16.449792809579314,0.0403535467768279
-16.344194558160723,-16.379084459390754,-16.36163950877574,0.03488990123003077
-18.88146045193562,-18.15813826895101,-18.519799360443315,-0.7233221829846102
-17.88343180350232,-17.98766729157483,-17.935549547538574,0.10423548807251137
-20.029091547566132,-20.236311979348457,-20.132701763457295,0.20722043178232497
-16.085111822087516,-15.995063021412827,-16.040087421750172,-0.09004880067468868
-17.555968421300598,-17.768603772445083,-17.66228609687284,0.21263535114448473
-17.096648931449533,-17.201975681502006,-17.14931230647577,0.10532675005247327
-16.31805243284155,-16.485578868294407,-16.40181565056798,0.1675264354528565
-19.0857069165436,-19.069275157754312,-19.077491037148956,-0.016431758789288153
-17.969746668436827,-17.99666502708145,-17.983205847759137,0.026918358644621776
-16.246207617611763,-16.09447323768527,-16.17034042764852,-0.15173437992649141
-16.98049147882594,-17.144760441292103,-17.062625960059023,0.16426896246616352
-16.92975013898466,-17.1384137673692,-17.03408195317693,0.20866362838454222
-17.924922017458503,-17.771254773020587,-17.848088395239543,-0.15366724443791568
-15.395756582189554,-15.363343596614367,-15.37955008940196,-0.03241298557518668
-18.700984399182396,-18.673697090582017,-18.687340744882206,-0.027287308600378424
-17.527725575595202,-17.600530653105714,-17.56412811435046,0.07280507751051246
-16.50126168444307,-16.344230066069805,-16.42274587525644,-0.15703161837326363
-20.011312259752565,-19.50921890360103,-19.760265581676798,-0.5020933561515335
-15.741470083458916,-15.863185283828846,-15.802327683643881,0.12171520036993044
-18.01416482618387,-17.925779868778008,-17.96997234748094,-0.08838495740586083
-16.591031065874457,-16.602398542721943,-16.596714804298202,0.011367476847485847
-19.91833024262646,-19.641770036744575,-19.780050139685518,-0.2765602058818857
-19.865555635318145,-19.92589622891206,-19.895725932115102,0.06034059359391364
-18.32967178042345,-18.294935192741328,-18.312303486582387,-0.03473658768212218
-16.925381639059584,-16.81966718246263,-16.87252441076111,-0.105714456596953
-14.838883962763662,-14.843160639995377,-14.84102230137952,0.004276677231715098
-18.025561920635848,-17.805423065329876,-17.915492492982864,-0.22013885530597221
-15.366034176095319,-15.32709208458417,-15.346563130339744,-0.03894209151114936
-17.505448862876797,-17.408067908877932,-17.456758385877365,-0.09738095399886504
-17.194904048123703,-17.23174136331504,-17.21332270571937,0.03683731519133815
-16.395938160747644,-16.364268735719808,-16.380103448233726,-0.031669425027835985
-16.540509488971225,-16.51835817739016,-16.52943383318069,-0.02215131158106587
-17.690078087467803,-18.812166946460252,-18.251122516964028,1.1220888589924485
-15.410685934177364,-15.263562970987131,-15.337124452582248,-0.14712296319023288
-21.957428429110042,-21.229180951533085,-21.593304690321563,-0.7282474775769572
-17.14127135602259,-17.51180049272522,-17.326535924373907,0.37052913670263266
-17.399750984643745,-18.406789706531058,-17.9032703455874,1.0070387218873122
-18.008704618381856,-17.889774226971525,-17.94923942267669,-0.11893039141033057
-15.746284701606985,-15.749875156768002,-15.748079929187494,0.003590455161017303
-17.055418814785124,-17.15163235331093,-17.10352558404803,0.09621353852580583
-17.67882905927831,-17.76055741306572,-17.719693236172013,0.08172835378740828
-17.073041426582222,-17.113245669085106,-17.093143547833662,0.04020424250288457
-17.105818843216426,-17.038194548940037,-17.072006696078233,-0.0676242942763885
-17.140230257272457,-17.32888774301358,-17.23455900014302,0.18865748574112473
-15.955056770747506,-15.892468561129897,-15.923762665938701,-0.06258820961760847
-16.58252609772764,-16.548536843797972,-16.565531470762807,-0.03398925392966845
-16.30293698021239,-16.152823717277826,-16.22788034874511,-0.15011326293456406
-18.20626424783306,-18.304240559644512,-18.255252403738787,0.0979763118114505
-17.051503789772728,-18.16185143859102,-17.606677614181876,1.1103476488182942
-17.768588310402187,-17.680494337665372,-17.72454132403378,-0.08809397273681441
-18.117000747996016,-18.22787288309656,-18.172436815546288,0.11087213510054283
-17.08119037612233,-16.76189414949333,-16.92154226280783,-0.3192962266289996
-19.699448454814323,-19.37194608455302,-19.535697269683673,-0.32750237026130335
-15.62759460436565,-15.599008398623383,-15.613301501494515,-0.028586205742266557
-18.090736437518462,-18.004200012438112,-18.04746822497829,-0.0865364250803502
-15.322167398274422,-15.319264312922467,-15.320715855598444,-0.002903085351954715
-16.80265844833227,-16.848141066287916,-16.825399757310095,0.045482617955645566
-17.229721455849695,-16.940840742704374,-17.085281099277033,-0.28888071314532127
-15.490282846357818,-15.40374338267545,-15.447013114516635,-0.08653946368236731
-18.12971292753343,-18.09879177821265,-18.114252352873038,-0.03092114932077905
-14.932987397339552,-14.840574990477634,-14.886781193908593,-0.09241240686191787
-16.345767246367124,-16.129951717214738,-16.23785948179093,-0.2158155291523869
-16.10743499492212,-15.953156947693255,-16.030295971307687,-0.15427804722886407
-16.004695785535628,-15.821468010449943,-15.913081897992786,-0.183227775085685
-16.708770288431438,-16.5933405810576,-16.65105543474452,-0.1154297073738384
-16.521167651996446,-16.536065146163658,-16.52861639908005,0.014897494167211534
-15.499047902364735,-15.321572853504577,-15.410310377934657,-0.17747504886015797
-18.835595869425454,-18.858333294865716,-18.846964582145585,0.022737425440261916
-15.443974065504335,-15.363913827865007,-15.40394394668467,-0.08006023763932824
-15.833161841377548,-15.690978598460612,-15.76207021991908,-0.14218324291693563
-16.606660360591366,-16.50019774817961,-16.55342905438549,-0.10646261241175736
-15.92936626962275,-15.936945552810684,-15.933155911216717,0.007579283187933328
-17.36515489287321,-17.471516391859147,-17.41833564236618,0.10636149898593672
-15.33694022377326,-15.457252060451209,-15.397096142112234,0.1203118366779492
-16.46404821057102,-16.34627072322882,-16.405159466899917,-0.11777748734219884
-14.54594991525715,-14.425127496596808,-14.48553870592698,-0.12082241866034238
-15.939692415884537,-15.943456999088966,-15.941574707486751,0.003764583204429073
-15.270363410505619,-15.261710094026514,-15.266036752266066,-0.008653316479104944
-15.823524305627954,-15.744823311059747,-15.784173808343851,-0.0787009945682069
-15.907479885120162,-16.221064208297847,-16.064272046709004,0.31358432317768425
-14.935921857793293,-14.823904918759855,-14.879913388276574,-0.11201693903343823
-16.146747002956264,-15.970857326478809,-16.058802164717537,-0.17588967647745513
-18.11507286526659,-18.40800524443846,-18.261539054852527,0.29293237917186943
-15.881243172991889,-15.534398128170025,-15.707820650580956,-0.3468450448218636
-15.842157095355352,-15.773945803263672,-15.808051449309513,-0.06821129209168042
-15.072542667348534,-14.932412914934385,-15.002477791141459,-0.1401297524141487
-16.318068134619423,-16.29002162804347,-16.304044881331446,-0.02804650657595431
-15.3981684316622,-15.288336923514645,-15.343252677588422,-0.10983150814755405
-15.871125722963143,-15.776702381420082,-15.823914052191611,-0.09442334154306131
-15.83830696784955,-15.658608134575964,-15.748457551212756,-0.17969883327358538
-17.433023071214798,-17.237527853486178,-17.335275462350488,-0.19549521772862022
-16.978046943680308,-16.791301511649007,-16.884674227664657,-0.18674543203130156
-16.31547061312457,-16.389621423558474,-16.35254601834152,0.07415081043390259
-16.612153986055343,-16.45349170111143,-16.53282284358339,-0.15866228494391166
-16.074760195643496,-15.706048689379077,-15.890404442511286,-0.3687115062644182
-17.37250668616682,-17.3112807066898,-17.341893696428308,-0.06122597947701891
-19.024857138570585,-19.040625645878322,-19.03274139222445,0.015768507307736712
-15.472363068672403,-15.37401994893429,-15.423191508803345,-0.0983431197381126
-15.860912050627562,-15.628176493323249,-15.744544271975405,-0.23273555730431283
-17.058268057495706,-17.18262379526508,-17.12044592638039,0.12435573776937403
-16.004315977336926,-15.943494027119614,-15.973905002228271,-0.06082195021731174
-16.74749767763073,-16.775087868075705,-16.761292772853217,0.02759019044497535
-17.214728366508115,-17.15235838869002,-17.183543377599065,-0.062369977818097055
-20.138650488574307,-20.341502251297204,-20.240076369935757,0.20285176272289718
-18.095172350165214,-18.31941380107147,-18.20729307561834,0.22424145090625558
-19.641091656695245,-19.568234526446204,-19.604663091570725,-0.07285713024904084
-17.713652061167643,-17.609566027389512,-17.661609044278578,-0.10408603377813108
-17.793994825284237,-17.604244527324838,-17.699119676304537,-0.18975029795939946
-16.585933977870763,-16.549110909126238,-16.5675224434985,-0.03682306874452479
-17.627559892648343,-17.853418754529567,-17.740489323588953,0.22585886188122473
-18.112198552808845,-18.10475393164694,-18.108476242227894,-0.007444621161905474
-16.832037675039256,-16.839525806467208,-16.835781740753234,0.007488131427951572
-17.11111783675298,-16.933812463273014,-17.022465150012998,-0.17730537347996744
-17.522089552831105,-17.59564231735717,-17.55886593509414,0.07355276452606674
-18.13347935333577,-17.908488545479045,-18.02098394940741,-0.22499080785672376
-16.187138281569258,-16.152284793016022,-16.169711537292642,-0.03485348855323522
-16.586446678042847,-16.56291739443912,-16.574682036240983,-0.023529283603728857
-17.46542630324817,-17.294098452740997,-17.37976237799458,-0.17132785050717203
-17.58775179033327,-17.466091347616235,-17.526921568974753,-0.12166044271703669
-18.780654400977905,-18.62802067115974,-18.70433753606882,-0.15263372981816659
-18.830784559102753,-18.744848862535527,-18.78781671081914,-0.08593569656722622
-15.880539836756796,-15.840805702852869,-15.860672769804832,-0.039734133903927216
-18.049425641789497,-17.898842800464497,-17.974134221126995,-0.15058284132500077
-16.55560080617241,-16.824541307125067,-16.69007105664874,0.268940500952656
-18.691258628800885,-18.575831858685447,-18.633545243743164,-0.11542677011543745
-18.80305248947473,-18.859096550710454,-18.831074520092592,0.05604406123572403
-17.803635095632618,-17.907956118583463,-17.855795607108043,0.10432102295084533
-18.254550604487402,-18.159955460941987,-18.207253032714696,-0.09459514354541554
-17.14482245157372,-17.15043289452934,-17.14762767305153,0.005610442955621409
-18.288424916875815,-18.30125218708298,-18.294838551979396,0.012827270207164787
-16.804619552561963,-16.65888614219637,-16.731752847379166,-0.14573341036559384
-17.36522750350023,-17.248582102344123,-17.306904802922176,-0.11664540115610578
-16.741983459803958,-16.862250442083383,-16.80211695094367,0.1202669822794249
-18.961747804462743,-19.076997885074643,-19.019372844768693,0.11525008061190078
-16.125190790138383,-16.155602586926772,-16.140396688532576,0.03041179678838901
-15.508967383506725,-15.252279898144014,-15.38062364082537,-0.25668748536271124
-19.430163769506095,-19.24912214566453,-19.339642957585312,-0.18104162384156552
-17.39977445074731,-17.22256830748521,-17.31117137911626,-0.17720614326209727
-16.628498443465908,-16.644998731531487,-16.636748587498698,0.016500288065579127
-19.060706700217462,-18.905518202480092,-18.983112451348777,-0.1551884977373703
-17.48284756919281,-17.32255840334931,-17.40270298627106,-0.16028916584350128
-22.280266037512902,-21.28668547489847,-21.783475756205686,-0.993580562614433
-17.490888105796273,-17.369141794936887,-17.43001495036658,-0.12174631085938614
-17.4088081115974,-17.17291260596277,-17.290860358780087,-0.2358955056346268
-18.994409527154463,-19.13652667409648,-19.065468100625473,0.1421171469420166
-18.787649360430237,-18.82760869512623,-18.807629027778233,0.03995933469599322
-18.373681500079734,-18.204061759849942,-18.288871629964838,-0.1696197402297912
-15.422396110523124,-15.390706653301887,-15.406551381912506,-0.03168945722123695
-16.971586042920567,-16.944700055129513,-16.95814304902504,-0.026885987791054333
-17.284190868284245,-17.297517008521506,-17.290853938402876,0.013326140237261086
-16.551720939310194,-16.530265474285667,-16.54099320679793,-0.021455465024526887
-15.768872831887988,-15.903082259681915,-15.835977545784951,0.13420942779392675
-19.712611184510695,-20.13198947520892,-19.92230032985981,0.41937829069822286
-17.579421508719136,-17.513087373068736,-17.546254440893936,-0.06633413565040058
-19.75889733441987,-19.982442792740557,-19.870670063580214,0.22354545832068595
-15.560179537958525,-15.385293178630867,-15.472736358294696,-0.17488635932765817
-16.8179115348989,-17.369485328490725,-17.09369843169481,0.5515737935918246
-18.608451426906164,-18.47583926269918,-18.54214534480267,-0.13261216420698574
-16.24998549307615,-16.215266385938996,-16.23262593950757,-0.034719107137153316
-17.11044730382081,-16.98184935018201,-17.04614832700141,-0.1285979536387991
-17.991196790736726,-17.96505095781365,-17.978123874275187,-0.026145832923077705
-17.298845447055243,-17.38213637254575,-17.340490909800497,0.08329092549050898
-17.45281209476036,-17.33101891402816,-17.391915504394262,-0.12179318073220102
-15.180462207868741,-15.291128711553764,-15.235795459711252,0.11066650368502273
-18.480432713512496,-18.431682020271417,-18.456057366891955,-0.048750693241078835
-17.972850685390686,-17.777624644451958,-17.875237664921322,-0.19522604093872786
-17.74718032689327,-17.959096084490923,-17.853138205692098,0.21191575759765158
-18.112937959319343,-18.317560368063926,-18.215249163691634,0.2046224087445836
-17.622737377116948,-18.34135072296722,-17.982044050042084,0.7186133458502724
-15.680784279428819,-15.830448996695559,-15.75561663806219,0.1496647172667398
-16.488128007404267,-16.360821860318936,-16.424474933861603,-0.1273061470853314
-15.96173383990968,-15.885481836502752,-15.923607838206216,-0.07625200340692828
-17.94545893613836,-17.852066197807076,-17.898762566972717,-0.09339273833128203
-15.845637586494796,-15.690978590149982,-15.768308088322389,-0.15465899634481417
-15.937361467651622,-16.02961478634539,-15.983488126998505,0.09225331869376951
-18.354119756223668,-18.07723705242438,-18.215678404324024,-0.2768827037992878
-15.714973260218512,-15.715684746881259,-15.715329003549886,0.0007114866627464522
-17.114004920206817,-17.032253207973195,-17.073129064090004,-0.08175171223362199
-17.549546786949076,-17.42121553120562,-17.48538115907735,-0.12833125574345772
-18.372964821359606,-18.327072000819566,-18.350018411089586,-0.045892820540039736
-17.74796756704454,-17.726899050567454,-17.737433308805997,-0.02106851647708652
-15.425136231074912,-15.225230427649361,-15.325183329362137,-0.1999058034255512
-16.154319974617785,-16.140020913376354,-16.14717044399707,-0.014299061241430877
-16.206902553222715,-16.1299892582713,-16.168445905747006,-0.07691329495141375
-17.417977366907206,-17.389198780539935,-17.40358807372357,-0.028778586367270265
-19.043014148465744,-18.950987108553313,-18.99700062850953,-0.09202703991243055
-16.372751813367035,-16.23681849470069,-16.304785154033862,-0.13593331866634628
-16.892044125854635,-17.055078356690927,-16.973561241272783,0.16303423083629198
-15.657021653260824,-15.5087192640988,-15.582870458679812,-0.14830238916202276
-16.080217970375628,-16.03267891462958,-16.056448442502607,-0.047539055746046444
-17.887753205801307,-17.81634279466025,-17.85204800023078,-0.07141041114105562
-16.160593983650216,-15.876646991187279,-16.018620487418747,-0.283946992462937
-16.427561814062802,-16.435919601365754,-16.431740707714276,0.008357787302951891
-17.27576908058957,-17.150510578310175,-17.213139829449872,-0.12525850227939372
-16.342823522049834,-16.143891084823217,-16.243357303436525,-0.1989324372266168
-17.211649973856254,-17.136871221877804,-17.17426059786703,-0.07477875197844952
-17.68678755556286,-17.086208796826355,-17.386498176194607,-0.6005787587365035
-19.366580860746115,-19.03003302895025,-19.198306944848184,-0.33654783179586545
-19.06843672481392,-18.911529785333848,-18.989983255073884,-0.1569069394800735
-19.152300050658006,-19.35466142783326,-19.25348073924563,0.20236137717525438
-20.078783091427397,-20.059753619626242,-20.06926835552682,-0.01902947180115433
-16.03430219899789,-16.06658046948284,-16.050441334240364,0.03227827048495158
-17.887792429136034,-18.049894040490578,-17.968843234813306,0.1621016113545437
-15.539338863143042,-15.512066366906556,-15.525702615024798,-0.027272496236486532
-22.01038081334983,-21.737624843033174,-21.8740028281915,-0.27275597031665555
-17.08523499047311,-17.088075248443403,-17.086655119458257,0.0028402579702913044
-17.05722365448772,-17.044848788081545,-17.051036221284633,-0.012374866406176466
-18.662828046740774,-18.390895568267894,-18.526861807504332,-0.2719324784728805
-15.900986197769274,-15.887835482342823,-15.894410840056048,-0.013150715426451853
-15.813165708712942,-15.613097752928887,-15.713131730820916,-0.20006795578405523
-19.775590213872025,-19.776931004530418,-19.776260609201223,0.0013407906583928764
-17.358650150129687,-17.44433073183442,-17.40149044098205,0.08568058170473236
-15.511864856188549,-15.335473464049226,-15.423669160118887,-0.17639139213932253
-16.275569844363122,-16.350219672608734,-16.31289475848593,0.07464982824561162
-16.92404798270203,-16.722010194219294,-16.823029088460665,-0.20203778848273757
-18.427501828901924,-18.297207184194946,-18.362354506548435,-0.1302946447069786
-18.011553923919788,-17.97598753471369,-17.993770729316736,-0.03556638920609956
-17.46144080566321,-17.683302138211694,-17.57237147193745,0.22186133254848528
-17.0405874045766,-17.254920077872644,-17.14775374122462,0.21433267329604533
-19.185655222115308,-19.157671679908557,-19.17166345101193,-0.027983542206751366
-16.9508795346539,-16.990660451121546,-16.970769992887725,0.039780916467645255
-17.551749541031235,-17.428889215991557,-17.490319378511394,-0.12286032503967803
-17.83987806100392,-17.70799283866866,-17.773935449836287,-0.13188522233526
-17.52990937961021,-17.740543504994548,-17.63522644230238,0.21063412538433823
-17.10510335147043,-17.096211307853217,-17.10065732966182,-0.008892043617212408
-15.963406827373312,-16.518946434732364,-16.241176631052838,0.5555396073590515
-18.61274653588827,-18.547184767006627,-18.57996565144745,-0.06556176888164345
-18.278145683596243,-18.192145962232054,-18.23514582291415,-0.08599972136418899
-15.433757700400012,-15.40470899844772,-15.419233349423866,-0.029048701952291367
-18.46883488722478,-18.281233105253065,-18.375033996238923,-0.18760178197171484
-18.069155220435377,-17.97289331191676,-18.02102426617607,-0.09626190851861693
-17.953485598949857,-17.486492780732966,-17.719989189841414,-0.466992818216891
-18.54124034047726,-18.328643560025704,-18.43494195025148,-0.2125967804515554
-18.751201826916688,-18.348672214209593,-18.549937020563142,-0.4025296127070952
-17.630728169027414,-17.44091895244148,-17.535823560734446,-0.1898092165859353
-16.223336564735618,-16.21198563125579,-16.217661097995702,-0.01135093347982874
-18.339922639760427,-18.173408245175704,-18.256665442468066,-0.1665143945847234
-17.06668973435493,-17.08391184040042,-17.075300787377678,0.017222106045490904
-16.93198291818247,-16.938560035374717,-16.935271476778595,0.006577117192247073
-18.602201802978634,-18.687192309137963,-18.6446970560583,0.08499050615932902
-17.15753891812448,-17.271427764750268,-17.214483341437372,0.11388884662578747
-17.41185661363911,-17.59930481136265,-17.50558071250088,0.1874481977235405
-15.819475070623367,-15.728123113419226,-15.773799092021296,-0.09135195720414124
-16.35772523583349,-16.266135520562646,-16.31193037819807,-0.09158971527084603
-20.023542171791313,-20.01574356808543,-20.019642869938373,-0.007798603705882812
-18.469614871016763,-18.145147401599917,-18.30738113630834,-0.32446746941684523
-16.486438444691192,-16.605300992446303,-16.545869718568746,0.11886254775511063
-20.131680157483498,-20.342375136872164,-20.237027647177833,0.21069497938866633
-15.572096657612295,-15.450826280456383,-15.511461469034339,-0.12127037715591271
-16.54790460561488,-16.347307237628968,-16.447605921621925,-0.20059736798591388
-16.587242993106038,-16.511859888822435,-16.549551440964237,-0.07538310428360262
-16.81660793585895,-16.65436070504721,-16.735484320453082,-0.1622472308117402
-20.369649340939937,-20.242371540502802,-20.30601044072137,-0.12727780043713466
-18.191487900329403,-17.80822581109929,-17.99985685571435,-0.3832620892301115
-17.360216376418723,-17.195971776305253,-17.278094076361988,-0.16424460011347009
-20.1030524871714,-19.78168196378312,-19.942367225477263,-0.32137052338827843
-18.221869992287864,-18.357476986752467,-18.289673489520165,0.13560699446460234
-17.234778979611967,-17.25475508972631,-17.244767034669138,0.019976110114342305
-18.675667714451873,-18.83024681459311,-18.752957264522493,0.15457910014123755
-20.012921607102395,-20.053402181983213,-20.033161894542804,0.040480574880817244
-16.46822213469847,-16.419121811108003,-16.443671972903235,-0.04910032359046568
-16.341049856041604,-16.36701180233497,-16.35403082918829,0.025961946293367788
-17.044576462410525,-16.786254066972703,-16.915415264691614,-0.25832239543782265
-15.230866386273306,-14.985501140185182,-15.108183763229244,-0.2453652460881237
-17.245992715873946,-17.320662520114347,-17.283327617994146,0.0746698042404006
-18.060940502265314,-20.206330764965948,-19.133635633615633,2.1453902627006336
-16.296169186745207,-16.179280118275827,-16.237724652510515,-0.11688906846937996
-16.971873976312366,-16.65213518342926,-16.812004579870813,-0.3197387928831077
-17.33441662817964,-17.345283799474963,-17.3398502138273,0.010867171295323885
-15.77483438765944,-15.638651258331691,-15.706742822995565,-0.13618312932774934
-17.115140631228204,-17.08055011719091,-17.097845374209555,-0.034590514037294184
-16.74742375268953,-16.675008357233207,-16.71121605496137,-0.07241539545632492
-16.064474796435437,-15.960808619705976,-16.012641708070706,-0.10366617672946177
-16.128243256483497,-16.05299332740337,-16.090618291943436,-0.07524992908012607
-15.863793402716233,-15.922384829867251,-15.893089116291742,0.058591427151018394
-17.87038677517745,-17.77684930326076,-17.823618039219106,-0.09353747191669015
-17.1783933878972,-16.98185821365325,-17.080125800775225,-0.19653517424394806
-16.317539105411598,-16.08776261316984,-16.20265085929072,-0.22977649224175778
-16.312041545984155,-16.222769733532918,-16.267405639758536,-0.08927181245123705
-19.793006402537127,-19.651968126414154,-19.72248726447564,-0.14103827612297337
-17.475107009580917,-17.413984223676188,-17.444545616628552,-0.06112278590472897
-17.678071564162565,-17.67354447141271,-17.675808017787638,-0.004527092749853523
-16.710906973465598,-16.600392876203152,-16.655649924834375,-0.11051409726244543
-16.75601603745585,-16.694052169546133,-16.72503410350099,-0.06196386790971786
-23.52821887873479,-23.875919352586074,-23.702069115660432,0.3477004738512832
-18.3068133383485,-18.439597489765134,-18.37320541405682,0.13278415141663302
-17.639685952539242,-17.78851474783349,-17.714100350186364,0.14882879529424642
-17.078688303522295,-17.247277365437903,-17.162982834480097,0.16858906191560763
-17.32497250573478,-17.350240934847957,-17.33760672029137,0.025268429113175728
-17.012563468748024,-17.164916725519305,-17.088740097133666,0.1523532567712813
-15.963058663592038,-15.777466809806015,-15.870262736699026,-0.18559185378602372
-19.419761885662382,-18.979470380130383,-19.19961613289638,-0.4402915055319987
-19.126331894002735,-19.1495185478911,-19.13792522094692,0.02318665388836294
-19.09980646732518,-19.15266815486389,-19.126237311094535,0.05286168753870868
-17.230753584406344,-17.118430771398916,-17.174592177902632,-0.11232281300742741
-16.583734158246585,-16.384483935605076,-16.48410904692583,-0.19925022264150982
-17.63756897532875,-18.000295703168014,-17.818932339248384,0.36272672783926296
-14.420843108180653,-14.4092233546932,-14.415033231436926,-0.011619753487453366
-16.629983188643457,-16.848664659725017,-16.739323924184237,0.21868147108155966
-16.45121423523511,-16.51300932287637,-16.482111779055742,0.061795087641261404
-17.887270330028805,-17.94753205349463,-17.91740119176172,0.0602617234658247
-14.987157902563123,-14.867769045101838,-14.92746347383248,-0.11938885746128491
-16.273415738290645,-15.956414039651591,-16.114914888971118,-0.3170016986390536
-18.52064316384515,-18.03605360457745,-18.2783483842113,-0.4845895592677003
-18.207302696227476,-18.149010390723717,-18.178156543475595,-0.05829230550375897
-16.645397596539382,-16.498225576622,-16.571811586580694,-0.14717201991738094
-16.915231397391537,-16.910698791042517,-16.91296509421703,-0.004532606349020085
-17.395543025409125,-17.04563946026285,-17.220591242835987,-0.3499035651462741
-16.311037144769713,-16.370396832932435,-16.340716988851074,0.05935968816272208
-16.52512527127311,-16.456856425812312,-16.49099084854271,-0.06826884546079981
-16.527914096589505,-16.555892373681996,-16.54190323513575,0.027978277092490345
-16.22357767190063,-16.242974016190995,-16.233275844045814,0.019396344290363743
-16.261283467396446,-16.655211688720456,-16.45824757805845,0.3939282213240105
-17.489135300341147,-17.29265775241787,-17.390896526379507,-0.19647754792327632
-15.2336226118209,-15.135851150905975,-15.184736881363438,-0.09777146091492561
-17.492735872698074,-17.056949848846905,-17.274842860772488,-0.4357860238511684
-17.320359657834537,-17.168684546797518,-17.244522102316026,-0.1516751110370187
-16.812530237963923,-17.240313810744883,-17.026422024354403,0.42778357278096024
-16.224526815752245,-16.2070548320676,-16.21579082390992,-0.017471983684647086
-14.854483089036751,-14.356379636305764,-14.605431362671258,-0.49810345273098733
-16.16171280571363,-16.12974930537471,-16.145731055544168,-0.03196350033892159
-17.921172236574513,-18.002399374727712,-17.96178580565111,0.08122713815319926
-14.460352129226854,-14.361284902970645,-14.41081851609875,-0.09906722625620823
-16.62538044777823,-16.546639208410063,-16.58600982809415,-0.07874123936816702
-18.277254436176307,-18.30271258587278,-18.289983511024545,0.025458149696472532
-15.003873246691397,-14.85259626140969,-14.928234754050543,-0.1512769852817062
-16.54282153624926,-16.483694760012103,-16.51325814813068,-0.05912677623715723
-16.18726504139222,-15.999064566880662,-16.093164804136443,-0.1882004745115573
-16.19132226641417,-16.23832848443269,-16.21482537542343,0.04700621801852023
-21.694951546018718,-21.14010288008253,-21.417527213050626,-0.5548486659361878
-16.611724043922713,-16.624461558556245,-16.618092801239477,0.012737514633531788
-18.218040852509418,-17.947370349774474,-18.082705601141946,-0.2706705027349443
-16.60457861160529,-16.52479906733503,-16.56468883947016,-0.07977954427025935
-17.685737910085802,-17.478152274492814,-17.58194509228931,-0.20758563559298793
-15.449590950754613,-15.233249887796338,-15.341420419275476,-0.21634106295827493
-17.206806724410818,-17.079574526046184,-17.1431906252285,-0.12723219836463429
-15.147216944486571,-15.035112585710841,-15.091164765098707,-0.11210435877572955
-15.178498776454434,-14.975245138174442,-15.076871957314438,-0.20325363827999254
-15.714190320791614,-15.60822810778798,-15.661209214289798,-0.10596221300363418
-18.229944494469002,-18.1399108084275,-18.184927651448252,-0.09003368604150097
-15.093947704719872,-14.998580781574107,-15.04626424314699,-0.09536692314576456
-16.4355404208162,-16.49276565056026,-16.464153035688227,0.05722522974405919
-15.09794178144759,-14.913670318461332,-15.005806049954462,-0.18427146298625807
-15.760364934623864,-15.783053730994364,-15.771709332809113,0.022688796370500697
-16.23947854524917,-16.149443732379126,-16.194461138814148,-0.09003481287004433
-15.783846419320824,-15.667372013064886,-15.725609216192854,-0.11647440625593752
-19.494398132441322,-19.177421122638233,-19.335909627539777,-0.3169770098030895
-16.707306126559327,-17.657579142829288,-17.182442634694308,0.9502730162699606
-15.163181603024562,-14.92851111884912,-15.04584636093684,-0.23467048417544234
-18.57182260513504,-18.716911245445907,-18.644366925290473,0.14508864031086688
-15.720094082951107,-15.95287534246347,-15.83648471270729,0.23278125951236284
-15.66308646508406,-15.463512967846103,-15.563299716465082,-0.1995734972379566
-18.05914156047897,-18.178435875778035,-18.118788718128503,0.11929431529906509
-16.94646248464295,-17.011438872892207,-16.97895067876758,0.06497638824925644
-17.300263128206804,-17.60024689099609,-17.45025500960145,0.2999837627892852
-16.491830376975656,-16.43861710536902,-16.465223741172338,-0.053213271606637136
-15.953268974150017,-15.881129093799538,-15.917199033974779,-0.07213988035047869
-14.444732424550601,-14.19110670605874,-14.31791956530467,-0.2536257184918611
-16.684776932477995,-16.6262112200372,-16.655494076257597,-0.05856571244079589
-16.37486003281851,-16.626474925666,-16.500667479242253,0.2516148928474884
-17.748833761696773,-17.79576064941982,-17.772297205558296,0.04692688772304621
-16.794127606813404,-16.600577652709894,-16.69735262976165,-0.19354995410350995
-15.465820913078412,-15.557730281673667,-15.51177559737604,0.091909368595255
-15.803641272148596,-15.681919819509908,-15.742780545829252,-0.12172145263868828
-18.353372691814066,-18.057609390990752,-18.20549104140241,-0.2957633008233138
-16.055167817133388,-16.08266533386423,-16.06891657549881,0.02749751673084333
-15.364405856931482,-15.231923835340869,-15.298164846136174,-0.13248202159061329
-16.66024466360636,-16.423691485419045,-16.541968074512702,-0.23655317818731447
-15.799376124205722,-15.719963591555285,-15.759669857880503,-0.07941253265043713
-17.33454412903846,-17.23523248649444,-17.28488830776645,-0.09931164254401992
-15.55931931961533,-15.52256287971978,-15.540941099667556,-0.036756439895549775
-15.70119216571611,-15.670649854138961,-15.685921009927537,-0.030542311577148595
-17.900926173272595,-17.79731281037015,-17.849119491821373,-0.10361336290244338
-17.115091370675863,-16.745547962904595,-16.93031966679023,-0.3695434077712676
-17.019832835724547,-17.02952948737194,-17.024681161548244,0.009696651647391974
-16.39208912890653,-16.417454949578108,-16.404772039242317,0.025365820671577666
-15.760423642480546,-15.508199143777897,-15.634311393129222,-0.25222449870264896
-14.892675694776331,-14.962289148004299,-14.927482421390316,0.06961345322796753
-20.616248659520085,-21.471570396262702,-21.043909527891394,0.8553217367426171
-18.27697240270775,-18.295716253311575,-18.286344328009662,0.018743850603826218
-15.313140949658195,-15.365052576907948,-15.33909676328307,0.05191162724975307
-15.887914511341846,-15.938628867809166,-15.913271689575506,0.0507143564673207
-19.775818846963936,-19.795272501066528,-19.785545674015232,0.019453654102591145
-19.070591855813348,-18.89712519042626,-18.983858523119803,-0.17346666538708888
-15.693390749177128,-15.75439876517499,-15.723894757176058,0.061008015997861875
-19.069996793732383,-18.873283314373246,-18.971640054052813,-0.1967134793591363
-17.91334323921336,-17.934224880497098,-17.92378405985523,0.020881641283736485
-14.941135770687719,-14.789083834556461,-14.86510980262209,-0.152051936131258
-19.079928390570892,-19.155171723283416,-19.117550056927154,0.07524333271252459
-18.682216133024752,-18.55144367483525,-18.616829903930004,-0.1307724581895009
-15.688130160789227,-15.697430552069184,-15.692780356429205,0.00930039127995741
-16.59440937478652,-16.486798419261337,-16.540603897023928,-0.10761095552518185
-17.204567148291847,-17.142188641945854,-17.17337789511885,-0.0623785063459934
-16.188786002927316,-16.26584808205091,-16.227317042489112,0.07706207912359275
-14.893897514246065,-14.767292891526203,-14.830595202886133,-0.12660462271986184
-20.258149548510378,-19.748467534446267,-20.003308541478322,-0.5096820140641114
-19.0972961237253,-19.178103038621508,-19.137699581173404,0.08080691489620762
-15.455220879822814,-15.340281086426497,-15.397750983124656,-0.11493979339631721
-17.844818567568883,-17.88184360737888,-17.86333108747388,0.03702503980999694
-18.767790503463562,-18.526317150557553,-18.64705382701056,-0.24147335290600935
-17.797719217314338,-17.599734678007493,-17.698726947660916,-0.19798453930684445
-19.290719183734588,-19.05760783629137,-19.17416351001298,-0.2331113474432165
-16.535096181942116,-16.349125075099916,-16.442110628521014,-0.18597110684219942
-16.651582694897645,-16.490527955950206,-16.571055325423927,-0.16105473894743838
-15.558935111833978,-15.434897651417549,-15.496916381625763,-0.12403746041642982
-20.873757744269213,-20.852139952536902,-20.862948848403057,-0.02161779173231082
-16.930901836887827,-16.903200152342933,-16.91705099461538,-0.02770168454489408
-18.699818300882807,-18.257796614337167,-18.47880745760999,-0.44202168654564034
-14.505936185267599,-14.458984134221218,-14.48246015974441,-0.04695205104638056
-15.546902791408938,-15.575182603328033,-15.561042697368485,0.02827981191909501
-14.739106163655482,-14.73318595233775,-14.736146057996617,-0.005920211317731017
-18.85646460514011,-18.720904667900207,-18.78868463652016,-0.13555993723990412
-16.155999250120587,-16.167523469963314,-16.16176136004195,0.01152421984272678
-14.811010250955501,-14.838250289171324,-14.824630270063412,0.027240038215822437
-16.86114002611955,-16.81280850824362,-16.836974267181585,-0.04833151787592982
-15.717290418779108,-15.568220782383447,-15.642755600581278,-0.1490696363956605
-16.264601222328878,-15.920466511790721,-16.0925338670598,-0.3441347105381567
-14.35389470284792,-14.187766258108496,-14.270830480478208,-0.16612844473942445
-16.48620878948,-16.401872549461437,-16.444040669470716,-0.08433624001856188
-14.769605849275242,-14.842527799472077,-14.806066824373659,0.07292195019683412
-18.3254773061184,-18.12500204319115,-18.225239674654773,-0.20047526292725237
-17.976747035847197,-17.868491281460976,-17.922619158654086,-0.10825575438622081
-15.47512175370275,-15.472849265925078,-15.473985509813915,-0.002272487777672083
-15.176240027476387,-14.926897440709212,-15.0515687340928,-0.2493425867671757
-17.594753339274853,-17.740873732542553,-17.667813535908703,0.14612039326770088
-17.363194921860085,-17.30870706917696,-17.335950995518523,-0.05448785268312406
-15.952563119953533,-15.961815387735372,-15.957189253844453,0.009252267781839407
-17.344266353851193,-17.998171797590267,-17.671219075720728,0.6539054437390739
-17.43647589327551,-17.46613045019877,-17.451303171737138,0.029654556923258468
-16.49602509844725,-16.60441520402977,-16.550220151238513,0.10839010558251871
-18.493444169830973,-18.64484255392425,-18.56914336187761,0.15139838409327666
-18.26736547076133,-18.214131008049815,-18.240748239405573,-0.05323446271151511
-16.50296440519339,-16.412643533216198,-16.457803969204793,-0.09032087197719108
-14.827543851501638,-14.701790671231322,-14.76466726136648,-0.12575318027031557
-15.105698055348821,-15.113659646362379,-15.1096788508556,0.007961591013557978
-15.035712848793029,-14.757846954140746,-14.896779901466887,-0.2778658946522832
-18.11839736384114,-18.20042464677578,-18.15941100530846,0.08202728293463935
-14.765954266947917,-14.855153131127134,-14.810553699037525,0.08919886417921674
-15.605882200518176,-15.593524823205872,-15.599703511862025,-0.012357377312303797
-15.780207733268664,-15.648358145076225,-15.714282939172445,-0.13184958819243953
-18.06312273708278,-17.617024499709327,-17.840073618396055,-0.44609823737345167
-18.506840695681834,-18.583162437864807,-18.545001566773323,0.07632174218297294
-16.026721870295063,-16.141626629335548,-16.084174249815305,0.1149047590404848
-16.027089616888453,-15.957995615371384,-15.992542616129919,-0.0690940015170689
-15.108908954886445,-15.086305784964122,-15.097607369925283,-0.022603169922323474
-17.359314256151357,-17.171689452166525,-17.26550185415894,-0.18762480398483206
-20.33908320233899,-19.841141445912527,-20.09011232412576,-0.49794175642646366
-15.91759020819555,-15.851617288769054,-15.884603748482302,-0.06597291942649619
-14.915589207144787,-14.809451416804336,-14.862520311974562,-0.10613779034045123
-18.993033365171176,-18.862882014483667,-18.927957689827423,-0.13015135068750894
-17.313944414770074,-17.194634628584083,-17.25428952167708,-0.11930978618599042
-18.16169024119812,-17.892074567108907,-18.02688240415351,-0.26961567408921283
-15.1744280533167,-15.212594812957079,-15.193511433136889,0.03816675964037941
-16.919017911034512,-16.728434036244266,-16.82372597363939,-0.19058387479024574
-17.500753290578004,-17.28081106158153,-17.390782176079767,-0.21994222899647298
-14.729047020057534,-14.5498401307353,-14.639443575396417,-0.17920688932223428
-18.051343647809716,-18.078222427429257,-18.064783037619485,0.026878779619540438
-16.074077900358105,-16.13436617797116,-16.104222039164632,0.06028827761305422
-16.29984364530325,-16.330985348087722,-16.315414496695485,0.031141702784474035
-19.69876641570224,-19.563150971960102,-19.63095869383117,-0.13561544374213952
-16.258353739964072,-16.177343851161343,-16.21784879556271,-0.08100988880272908
-18.22480262207582,-18.092193382496564,-18.158498002286194,-0.1326092395792564
-16.511977061611102,-16.55012929855191,-16.531053180081507,0.038152236940806716
-17.17934248068219,-17.337486405062705,-17.25841444287245,0.15814392438051428
-18.492189355201404,-18.207354286766368,-18.349771820983886,-0.2848350684350365
-15.008067370502042,-15.076648556655107,-15.042357963578574,0.06858118615306452
-15.94364165785944,-15.765113269271803,-15.854377463565621,-0.17852838858763675
-15.53004387534764,-15.381542272428899,-15.45579307388827,-0.14850160291874204
-17.70640693667445,-17.594934580051653,-17.650670758363052,-0.11147235662279797
-18.53713597260483,-18.346195642469873,-18.44166580753735,-0.19094033013495704
-16.935696286773556,-17.10788816378498,-17.02179222527927,0.17219187701142502
-16.382617063844062,-16.098280911079165,-16.240448987461612,-0.2843361527648973
-16.07476625085932,-15.896990269549978,-15.985878260204649,-0.1777759813093418
-18.501289346694236,-18.70851589029361,-18.604902618493924,0.20722654359937565
-23.119088761576677,-23.261157022353395,-23.190122891965036,0.14206826077671764
-21.994502609613832,-22.108249163574207,-22.05137588659402,0.11374655396037525
-15.154696181237789,-15.036347998830735,-15.095522090034262,-0.11834818240705403
-16.772547119637967,-16.819049664975125,-16.795798392306544,0.04650254533715881
-17.473384650437556,-17.264032505758003,-17.36870857809778,-0.20935214467955277
-18.27596364724055,-18.285026433350044,-18.280495040295296,0.009062786109495846
-17.15084187135193,-16.91904395392787,-17.0349429126399,-0.23179791742406053
-15.290755884991965,-15.21308966685688,-15.251922775924422,-0.07766621813508578
-17.56454100795432,-17.678259077075765,-17.62140004251504,0.11371806912144677
-15.394762043816236,-15.389452569349125,-15.39210730658268,-0.005309474467111386
-16.253012252849118,-16.21347033499427,-16.233241293921694,-0.03954191785484795
-17.736436044485647,-17.69486728130874,-17.715651662897194,-0.04156876317690816
-19.146533773184792,-19.087994606334867,-19.11726418975983,-0.05853916684992555
-20.417450868674255,-21.186139553769106,-20.80179521122168,0.7686886850948511
-15.1596230459116,-15.065627625525668,-15.112625335718633,-0.0939954203859319
-20.61875103919703,-20.16783327317833,-20.39329215618768,-0.4509177660186978
-19.37977979778153,-19.393698725266017,-19.386739261523772,0.013918927484485977
-17.671660791875112,-17.682758574169984,-17.677209683022546,0.011097782294871905
-15.029304727327709,-15.11138510775224,-15.070344917539973,0.08208038042453047
-17.869972282638983,-17.493374728006994,-17.68167350532299,-0.37659755463198863
-15.978958232210042,-15.720987128929277,-15.84997268056966,-0.2579711032807648
-17.880718663884192,-17.80079563185875,-17.84075714787147,-0.07992303202544093
-14.865146949730589,-14.811272843306778,-14.838209896518684,-0.05387410642381063
-17.39296906738803,-17.34948273426695,-17.37122590082749,-0.043486333121080634
-15.697300704736952,-15.571719990532443,-15.634510347634698,-0.12558071420450823
-18.500070847944027,-18.33892657293837,-18.419498710441196,-0.16114427500565753
-18.9345804192661,-19.19088760377469,-19.062734011520398,0.25630718450858936
-16.91284175736483,-16.802632161327516,-16.857736959346173,-0.11020959603731484
-17.152035808018496,-17.08106774012758,-17.116551774073038,-0.07096806789091659
-19.633116943556825,-19.56536445829824,-19.59924070092753,-0.06775248525858402
-19.37668047895152,-19.20796472962637,-19.292322604288945,-0.16871574932515188
-19.735148172190502,-19.725265964935843,-19.730207068563175,-0.009882207254658937
-16.56759324612536,-16.56611636860086,-16.566854807363107,-0.0014768775244995425
-17.294592526190865,-17.18615840782942,-17.240375467010143,-0.10843411836144412
-18.991183440158252,-18.82052474922571,-18.905854094691982,-0.17065869093254094
-18.061085689230268,-17.979593870018306,-18.020339779624287,-0.08149181921196202
-15.886495766043286,-15.86449682636621,-15.875496296204748,-0.02199893967707567
-17.86221136250927,-17.710438132156337,-17.786324747332806,-0.15177323035293355
-18.28483446365278,-18.381978469441734,-18.333406466547256,0.09714400578895521
-16.52993367233672,-16.351982582543805,-16.44095812744026,-0.1779510897929164
-15.520361090883503,-15.441570118073905,-15.480965604478705,-0.0787909728095979
-16.080032564759748,-15.908653233374672,-15.99434289906721,-0.17137933138507577
-16.79189220640561,-16.855577507681957,-16.82373485704378,0.06368530127634742
-20.285387497395753,-20.299331678392434,-20.292359587894094,0.013944180996681155
-18.863576011870762,-18.918348005889882,-18.890962008880322,0.05477199401912003
-17.000983847461683,-17.274555058565312,-17.137769453013497,0.27357121110362925
-16.2734694788853,-16.09336838044546,-16.18341892966538,-0.18010109843983813
-18.19202405531378,-18.423308335383005,-18.307666195348393,0.2312842800692252
-17.825275637651323,-17.692196666812247,-17.758736152231783,-0.13307897083907605
-17.560077550447073,-17.53530059860098,-17.547689074524026,-0.024776951846092743
-16.9201236378429,-16.82958581933561,-16.874854728589256,-0.09053781850728981
-17.0565377088089,-17.13588894119775,-17.096213325003326,0.07935123238884856
-19.295841114906853,-19.26513456936967,-19.280487842138264,-0.030706545537181995
-17.823616933825626,-17.95928166048423,-17.891449297154928,0.13566472665860374
-16.512783994947938,-16.401969482061915,-16.457376738504927,-0.11081451288602295
-17.12718241586734,-16.947352484210743,-17.03726745003904,-0.17982993165659522
-19.884651966964586,-20.154474023443058,-20.01956299520382,0.26982205647847124
-15.475991402683302,-15.517758601303097,-15.4968750019932,0.0417671986197945
-18.290640602494577,-18.10172322341015,-18.196181912952362,-0.18891737908442607
-18.619662212778508,-18.85724267289988,-18.738452442839193,0.23758046012137157
-17.045518294304067,-16.78410987038832,-16.914814082346194,-0.26140842391574637
-16.90660004641304,-16.770317780409616,-16.83845891341133,-0.1362822660034233
-16.291541981926407,-16.219657774397675,-16.25559987816204,-0.0718842075287327
-15.76929911338963,-15.650463496139661,-15.709881304764647,-0.11883561724996916
-14.727540638514306,-14.644524169224468,-14.686032403869387,-0.08301646928983786
-16.350112608794767,-16.236306719935413,-16.29320966436509,-0.11380588885935339
-19.10130468288135,-19.100340296098747,-19.10082248949005,-0.0009643867826021335
-17.337656370147112,-17.11338208630673,-17.225519228226922,-0.2242742838403835
-17.635424333023348,-17.880326181864923,-17.757875257444134,0.2449018488415753
-15.20899118079804,-15.101845398456401,-15.155418289627221,-0.10714578234163952
-16.818032546542753,-16.77533222367319,-16.79668238510797,-0.042700322869563934
-15.178455800810124,-15.277874421733737,-15.228165111271931,0.09941862092361298
-14.751898050469888,-14.570018500890821,-14.660958275680354,-0.18187954957906705
-17.697621017486078,-17.8884123944579,-17.79301670597199,0.19079137697182347
-16.054723582835486,-15.942321582845437,-15.998522582840462,-0.1124019999900483
-18.623906097768632,-18.613497425298473,-18.61870176153355,-0.01040867247015953
-20.359710644862396,-19.78294588239166,-20.07132826362703,-0.5767647624707344
-15.193506717077469,-15.106522560079153,-15.15001463857831,-0.08698415699831585
-15.808556518603206,-15.736417887753198,-15.772487203178201,-0.0721386308500076
-16.892938935939366,-17.09520528866632,-16.994072112302845,0.20226635272695503
-18.302224587171104,-18.510110821028803,-18.406167704099953,0.20788623385769966
-17.445997818428953,-17.6449042142507,-17.545451016339825,0.19890639582174785
-16.407232238588914,-16.25074856033785,-16.328990399463382,-0.1564836782510639
-15.788977166235119,-15.805159372460595,-15.797068269347857,0.016182206225476392
-15.595210977236592,-15.59523136691783,-15.59522117207721,2.0389681237631407e-5
-19.73790831766466,-19.588702066723734,-19.663305192194198,-0.149206250940928
-16.485084273177357,-16.525348739524127,-16.50521650635074,0.04026446634676972
-17.076793282645394,-16.945894880924463,-17.011344081784927,-0.13089840172093048
-17.64827668346588,-17.628835677978522,-17.6385561807222,-0.01944100548735861
-16.343945516313173,-16.264202807136293,-16.304074161724735,-0.07974270917688031
-18.165588319987126,-17.931360460752884,-18.048474390370004,-0.23422785923424172
-16.763840844095284,-16.564200580311947,-16.664020712203616,-0.199640263783337
-17.197819387840674,-17.07742342151139,-17.137621404676032,-0.12039596632928351
-16.501259892640814,-16.408703775222666,-16.45498183393174,-0.09255611741814818
-15.059603821069578,-14.9863728292,-15.02298832513479,-0.07323099186957727
-16.247496055215038,-16.20852222630723,-16.228009140761134,-0.03897382890780676
-15.234852966500124,-15.315692999420623,-15.275272982960374,0.08084003292049857
-17.68586791653706,-17.804410803139877,-17.74513935983847,0.11854288660281753
-16.992474027512277,-17.093499194242717,-17.0429866108775,0.10102516673044093
-18.583934152286513,-18.352582022380346,-18.46825808733343,-0.23135212990616694
-16.757271593017997,-16.415836309133535,-16.586553951075764,-0.3414352838844614
-15.88839000372523,-15.941630304379354,-15.915010154052291,0.05324030065412444
-16.265117644154742,-16.294888203722053,-16.280002923938397,0.029770559567310784
-17.171250700720844,-17.582519272092718,-17.37688498640678,0.411268571371874
-15.901796716753365,-15.94949381316711,-15.925645264960238,0.04769709641374398
-17.895774071817574,-17.746439947048692,-17.821107009433135,-0.14933412476888108
-18.188971688397697,-18.401908931742717,-18.295440310070205,0.21293724334502073
-16.76412255701146,-16.83840907293316,-16.80126581497231,0.07428651592169899
-17.501792683268068,-17.22881477308352,-17.365303728175796,-0.2729779101845473
-17.473077685736865,-17.53989880492287,-17.50648824532987,0.06682111918600597
-20.550825409086688,-20.44574016970156,-20.498282789394125,-0.10508523938512937
-18.932483359565182,-19.19035901533575,-19.061421187450467,0.2578756557705688
-15.681594314703313,-15.644003346947853,-15.662798830825583,-0.03759096775545956
-16.59470422824178,-16.463962814256604,-16.529333521249193,-0.13074141398517725
-16.804336625931857,-16.819654492718783,-16.811995559325318,0.01531786678692626
-19.352326012884,-19.524395634268714,-19.438360823576357,0.17206962138471482
-16.4992891148431,-16.455572584489353,-16.477430849666227,-0.04371653035374834
-17.00907844722135,-17.084822493962417,-17.04695047059188,0.07574404674106816
-19.478832637690576,-18.671742383701837,-19.075287510696207,-0.8070902539887399
-20.32532896427045,-20.490913050704265,-20.40812100748736,0.16558408643381384
-17.656078080315236,-17.39436759997738,-17.525222840146306,-0.2617104803378574
-18.192928491704272,-18.91015884139706,-18.551543666550664,0.7172303496927874
-17.520677515706204,-17.582906993109823,-17.551792254408014,0.06222947740361917
-15.67889740281156,-15.692040235511483,-15.685468819161521,0.013142832699923446
-16.191963435129683,-16.224391793606763,-16.208177614368225,0.032428358477080366
-17.24496433008071,-17.010063336429074,-17.12751383325489,-0.2349009936516353
-15.405134812532314,-15.331901688963015,-15.368518250747664,-0.0732331235692989
-19.190865418301865,-19.31593838119797,-19.253401899749917,0.12507296289610537
-17.128293785637545,-17.086363469588086,-17.107328627612816,-0.04193031604945929
-16.906955506046195,-16.79183954541531,-16.84939752573075,-0.11511596063088447
-17.089429748404893,-16.92471697406102,-17.007073361232955,-0.16471277434387233
-15.515589346277187,-15.461243846278567,-15.488416596277876,-0.05434549999861993
-16.64864041334069,-16.4015641120348,-16.525102262687746,-0.24707630130588853
-16.418239781485592,-16.565575228037066,-16.49190750476133,0.14733544655147313
-14.729973990761954,-14.859374360980247,-14.794674175871101,0.12940037021829376
-13.958865483192007,-13.854742718006095,-13.90680410059905,-0.10412276518591135
-15.04731475683633,-14.996960127543641,-15.022137442189987,-0.05035462929268952
-19.085266705663276,-18.74849987528829,-18.91688329047578,-0.33676683037498734
-17.539880491414987,-17.8999692391006,-17.719924865257795,0.3600887476856123
-14.874008771041707,-14.908539554488959,-14.891274162765333,0.034530783447252134
-14.219380205801523,-14.281412520877964,-14.250396363339743,0.06203231507644169
-18.23299941182396,-17.79768371517251,-18.015341563498236,-0.4353156966514504
-17.83669343279769,-17.49010417639815,-17.66339880459792,-0.34658925639953964
-17.716754529085645,-18.14464145370414,-17.930697991394894,0.42788692461849465
-17.34016499443896,-17.440444014748888,-17.390304504593924,0.10027902030992664
-16.600928714227795,-16.503212292080462,-16.552070503154127,-0.09771642214733234
-15.68575625348269,-15.669132983072412,-15.677444618277551,-0.016623270410278224
-17.21835284439907,-17.288723413282973,-17.253538128841022,0.07037056888390225
-16.86246021618885,-17.085420102602384,-16.973940159395617,0.22295988641353404
-16.300248134665814,-16.19261444971849,-16.246431292192153,-0.10763368494732362
-17.16064966837215,-17.047869617620584,-17.104259642996368,-0.11278005075156727
-19.741450598500364,-19.509573330131893,-19.62551196431613,-0.23187726836847133
-15.38270116046214,-15.311175786353225,-15.346938473407683,-0.07152537410891568
-17.14146232944445,-17.383908732523814,-17.262685530984132,0.24244640307936294
-16.01829593914591,-16.062059428585794,-16.040177683865853,0.04376348943988262
-16.516676175480537,-16.729116965435715,-16.622896570458124,0.21244078995517768
-14.816518646250332,-14.854002999642034,-14.835260822946182,0.03748435339170264
-14.734612156555416,-14.517249722150144,-14.62593093935278,-0.21736243440527225
-15.634132312075499,-15.435334131356608,-15.534733221716053,-0.19879818071889055
-13.676722360219463,-13.726585763589934,-13.701654061904698,0.04986340337047146
-16.442837688663076,-16.32007542339033,-16.381456556026702,-0.12276226527274758
-16.578808010480312,-16.6396856386415,-16.609246824560906,0.06087762816118669
-17.34403652759407,-17.59390850438571,-17.46897251598989,0.24987197679163842
-16.27706692372622,-16.309416348479772,-16.293241636102998,0.0323494247535514
-14.722287546979262,-14.59368395901314,-14.6579857529962,-0.12860358796612203
-18.155155698034317,-18.863880955193125,-18.509518326613723,0.7087252571588074
-14.466389612180977,-14.21131515447863,-14.338852383329804,-0.2550744577023476
-14.69091092195261,-14.877955250880916,-14.784433086416763,0.18704432892830525
-16.85488659696727,-16.675863917173672,-16.76537525707047,-0.1790226797935972
-15.791827371901505,-15.780245582782698,-15.786036477342101,-0.01158178911880725
-15.568598106748388,-15.394256528669093,-15.48142731770874,-0.17434157807929473
-16.986081666803432,-17.055605672135073,-17.02084366946925,0.06952400533164038
-16.129885371610353,-16.28599460390142,-16.207939987755886,0.15610923229106533
-16.005883131422944,-15.944601314197957,-15.97524222281045,-0.06128181722498738
-15.215335565402157,-15.396908834967139,-15.306122200184648,0.1815732695649821
-17.973179226185408,-18.606141132111944,-18.289660179148676,0.6329619059265355
-15.925473940755257,-15.917154412756503,-15.92131417675588,-0.00831952799875424
-15.741086398290676,-15.933396423535601,-15.837241410913139,0.19231002524492524
-15.445999283081086,-15.2093487376867,-15.327674010383893,-0.23665054539438657
-13.855182949764632,-13.787049392626948,-13.82111617119579,-0.06813355713768487
-17.66112812718646,-17.62556479649887,-17.643346461842665,-0.035563330687587325
-17.519788383774586,-17.232530098069724,-17.376159240922156,-0.287258285704862
-18.694434227664324,-18.698524750551286,-18.696479489107805,0.004090522886961878
-17.29533268614955,-17.702197842690296,-17.498765264419923,0.4068651565407464
-14.940473659043272,-14.915737740488236,-14.928105699765755,-0.024735918555036207
-17.101517499308883,-17.075659621671605,-17.088588560490244,-0.025857877637278648
-17.057897729966303,-17.12893146810221,-17.093414599034254,0.07103373813590608
-16.288934720162732,-16.372874728585387,-16.330904724374058,0.0839400084226547
-15.272617131580567,-15.221010286303613,-15.24681370894209,-0.051606845276953806
-13.893497405060073,-13.817796129439918,-13.855646767249995,-0.07570127562015472
-19.83384294309004,-19.80260045853828,-19.81822170081416,-0.03124248455176115
-14.93525183597031,-14.975448610400049,-14.95535022318518,0.040196774429738014
-15.043711215635243,-14.95322564150778,-14.998468428571512,-0.09048557412746305
-16.744473495449615,-16.681295587479944,-16.71288454146478,-0.0631779079696706
-15.606076972067935,-15.582085671690276,-15.594081321879106,-0.023991300377659286
-16.623632057950154,-16.610177836302498,-16.616904947126326,-0.013454221647656084
-16.719121713723364,-17.122337416814666,-16.920729565269014,0.40321570309130195
-14.683018379425729,-14.608056075121453,-14.645537227273591,-0.0749623043042753
-18.672161464869117,-18.5409633609569,-18.606562412913007,-0.1311981039122152
-15.847295600964445,-16.179220756729325,-16.013258178846886,0.33192515576488013
-15.42707062508949,-15.320573286853037,-15.373821955971263,-0.10649733823645313
-17.032220748802676,-17.12050302203584,-17.07636188541926,0.0882822732331654
-15.964509932076234,-15.938819805723252,-15.951664868899744,-0.02569012635298229
-16.25417329930611,-15.972151074335153,-16.11316218682063,-0.28202222497095697
-16.67725108035607,-16.537798200597393,-16.607524640476733,-0.13945287975867515
-16.14612730394944,-15.925266241486067,-16.035696772717756,-0.22086106246337422
-17.17270874414635,-17.048475256134275,-17.110592000140315,-0.12423348801207723
-14.47013940398205,-14.477212125326492,-14.47367576465427,0.007072721344442812
-15.560953744418306,-15.574377208954466,-15.567665476686386,0.013423464536160168
-14.440041465027003,-14.225837992731886,-14.332939728879445,-0.21420347229511627
-17.23871315100087,-17.255291923310235,-17.247002537155552,0.016578772309365775
-13.935452213289738,-13.904902504378155,-13.920177358833946,-0.030549708911582485
-15.502817037446995,-15.69742657604106,-15.600121806744028,0.19460953859406516
-15.870899743342447,-15.829697752407599,-15.850298747875023,-0.041201990934848
-15.43116166370512,-15.466997306937422,-15.44907948532127,0.035835643232301706
-16.998254190454524,-16.782457554563237,-16.89035587250888,-0.21579663589128728
-16.53895010845231,-16.668968985824932,-16.603959547138622,0.13001887737262408
-18.191821624299237,-18.36098453892987,-18.276403081614554,0.1691629146306326
-17.547041884060828,-17.616809310819576,-17.581925597440204,0.06976742675874803
-15.958230677630283,-15.918234182800113,-15.938232430215198,-0.03999649483017009
-17.80287409586593,-17.680694591857527,-17.74178434386173,-0.12217950400840394
-18.265609552473848,-18.115770515953237,-18.190690034213542,-0.1498390365206106
-16.942489910971172,-16.87378967887503,-16.908139794923102,-0.06870023209614118
-16.142014352475993,-16.13046334527089,-16.13623884887344,-0.011551007205103048
-14.407924871981155,-14.385473250230602,-14.396699061105878,-0.022451621750553485
-16.30675357594642,-16.166929225979132,-16.236841400962774,-0.139824349967288
-18.42733045794542,-18.337140796687986,-18.382235627316703,-0.09018966125743333
-15.523606712880886,-15.48100386256884,-15.502305287724862,-0.04260285031204525
-16.203804449416744,-16.241742859629493,-16.222773654523117,0.037938410212749574
-17.431488517237987,-17.223470478651624,-17.327479497944807,-0.20801803858636347
-14.691018058069641,-14.467703321427942,-14.579360689748793,-0.22331473664169899
-15.024768375760083,-14.785358720912566,-14.905063548336324,-0.23940965484751686
-18.246888244645465,-18.3212349813666,-18.28406161300603,0.0743467367211359
-15.29144657801899,-15.325165366736286,-15.308305972377639,0.03371878871729628
-14.481079577254635,-14.515777088873943,-14.49842833306429,0.03469751161930823
-17.34036882384489,-17.535122041618507,-17.4377454327317,0.19475321777361643
-15.482372726519667,-15.317948698020327,-15.400160712269997,-0.16442402849934012
-16.52112494317843,-16.538497916466028,-16.52981142982223,0.01737297328759624
-16.08736568305677,-16.171412746817367,-16.12938921493707,0.08404706376059679
-16.76579526779389,-16.85077314781776,-16.808284207805826,0.08497788002386741
-20.6991677866234,-20.547837077242896,-20.623502431933147,-0.15133070938050253
-15.492466900037014,-15.51241740016794,-15.502442150102478,0.019950500130926585
-15.408471460246838,-15.598721854691973,-15.503596657469405,0.19025039444513503
-17.72986438041823,-17.92380089949725,-17.826832639957743,0.19393651907902054
-20.865256739566643,-21.798452268671646,-21.331854504119143,0.9331955291050029
-17.288864390265722,-17.44662190198916,-17.36774314612744,0.15775751172343888
-16.936527366835378,-16.875176647656296,-16.905852007245837,-0.061350719179081636
-17.41001024429659,-17.006025567850937,-17.208017906073763,-0.4039846764456527
-16.537551192783926,-16.56697547279112,-16.552263332787525,0.02942428000719488
-16.572869193493567,-16.828846739301525,-16.700857966397546,0.2559775458079585
-14.921656835008418,-14.921350193550126,-14.921503514279273,-0.0003066414582928445
-18.826211380148994,-19.05904451327391,-18.942627946711454,0.2328331331249167
-16.592350933520557,-16.668800950004343,-16.63057594176245,0.07645001648378624
-15.89026850879612,-15.640383862185091,-15.765326185490606,-0.24988464661102938
-15.993146955098524,-16.070449476702795,-16.031798215900658,0.07730252160427042
-16.27854221722469,-16.25107615639744,-16.264809186811064,-0.027466060827251226
-15.068641345938355,-15.024659504455105,-15.04665042519673,-0.043981841483249795
-14.935539585906923,-14.681703210057801,-14.808621397982362,-0.2538363758491222
-16.813099308718584,-16.90544302824943,-16.859271168484007,0.09234371953084519
-18.58276784494502,-18.51884348464062,-18.55080566479282,-0.06392436030440152
-17.063882541804194,-16.958095777569184,-17.010989159686687,-0.10578676423500966
-16.70504388375627,-16.666750094448613,-16.685896989102442,-0.0382937893076587
-16.306563988907996,-16.58831135968753,-16.447437674297763,0.2817473707795344
-17.392753823038767,-17.326000878481985,-17.359377350760376,-0.06675294455678227
-16.561131501131587,-16.644004665518167,-16.602568083324876,0.0828731643865801
-17.272160107213267,-17.29930153405866,-17.285730820635962,0.027141426845393113
-17.03807922923694,-17.050454748110244,-17.04426698867359,0.01237551887330568
-15.674681614454073,-15.660960067694106,-15.66782084107409,-0.013721546759967396
-15.770652674065218,-15.864441590847216,-15.817547132456216,0.09378891678199786
-16.086332872391402,-16.125944392899616,-16.10613863264551,0.03961152050821326
-16.947851381050512,-16.929542899782216,-16.938697140416366,-0.01830848126829565
-16.51596777067175,-16.348851637305753,-16.432409703988753,-0.1671161333659974
-15.90863017981612,-15.782287517965031,-15.845458848890576,-0.12634266185108878
-24.399347283275365,-24.443206837674936,-24.42127706047515,0.04385955439957101
-15.64167707933543,-15.651670422197112,-15.646673750766272,0.009993342861681853
-14.835948100309677,-14.763240058610261,-14.799594079459968,-0.07270804169941592
-15.78757491091535,-15.83502799530203,-15.81130145310869,0.047453084386679834
-14.666100130688653,-14.606602447620048,-14.636351289154351,-0.0594976830686047
-18.183716671850497,-18.055563740049386,-18.119640205949942,-0.12815293180111098
-16.851664681682177,-16.741093336439263,-16.796379009060722,-0.11057134524291357
-15.269652480494573,-15.370562172459,-15.320107326476787,0.10090969196442678
-17.673076347711593,-17.62762785274978,-17.650352100230684,-0.045448494961814134
-14.735827330459761,-14.783759600336769,-14.759793465398264,0.04793226987700727
-18.41197919501227,-18.722857691938483,-18.567418443475376,0.31087849692621106
-15.840293480994669,-15.595752839156031,-15.71802316007535,-0.244540641838638
-18.680457330078053,-18.776605506104005,-18.72853141809103,0.09614817602595238
-18.01793952458375,-18.04124859094695,-18.02959405776535,0.023309066363200515
-19.13626737355812,-19.160072774597516,-19.148170074077818,0.023805401039396656
-17.322008339669164,-17.570974474785544,-17.446491407227356,0.24896613511637966
-15.339666401658627,-15.10568907731766,-15.222677739488145,-0.23397732434096774
-18.08407708065959,-18.08956320710517,-18.086820143882377,0.005486126445578776
-17.71231436129293,-17.741432440893714,-17.72687340109332,0.029118079600785052
-16.287320582908897,-16.124449661519638,-16.20588512221427,-0.16287092138925985
-17.33495529538726,-17.426144334253692,-17.380549814820476,0.09118903886643182
-18.36020707848874,-18.182262915025902,-18.27123499675732,-0.1779441634628398
-15.752868007176662,-15.662219144317328,-15.707543575746996,-0.09064886285933405
-16.242582174468673,-16.13983190551109,-16.191207039989884,-0.10275026895758188
-14.535291591010923,-14.512482331867755,-14.523886961439338,-0.022809259143167893
-19.835957516004747,-19.826021386134503,-19.830989451069627,-0.00993612987024406
-16.952245912048962,-16.84640866387131,-16.899327287960134,-0.10583724817765372
-18.662883759162163,-18.52388868848469,-18.593386223823426,-0.13899507067747408
-22.967807096259683,-22.261112905623648,-22.614460000941666,-0.7066941906360356
-16.595936118612148,-16.288738248693356,-16.442337183652754,-0.3071978699187916
-15.21954130617542,-14.983751880358993,-15.101646593267207,-0.23578942581642792
-16.240387607177507,-16.112407379894194,-16.176397493535852,-0.12798022728331304
-16.286535956113276,-16.19903898107036,-16.242787468591818,-0.08749697504291731
-15.347315827450934,-15.837137998214125,-15.59222691283253,0.48982217076319046
-16.217768237824593,-16.247333082884822,-16.232550660354708,0.029564845060228606
-14.789462157627707,-14.604168802390017,-14.696815480008862,-0.18529335523768964
-15.785277193646317,-15.68147238032563,-15.733374786985973,-0.10380481332068747
-14.000279353348905,-13.860056602730928,-13.930167978039917,-0.1402227506179763
-16.108369199525328,-16.116595503812363,-16.112482351668845,0.008226304287035191
-15.118092018633652,-15.03722682273657,-15.077659420685112,-0.08086519589708097
-15.40116123251128,-15.311243128859203,-15.35620218068524,-0.0899181036520762
-15.04366094871499,-14.99761185139026,-15.020636400052625,-0.046049097324729615
-17.16906473601793,-16.949281823858904,-17.059173279938417,-0.219782912159026
-16.878495064712602,-16.866984780704435,-16.87273992270852,-0.01151028400816756
-18.71189870050702,-18.153251328325716,-18.43257501441637,-0.558647372181305
-19.649613922256968,-19.91274873214849,-19.78118132720273,0.2631348098915218
-14.509753784335802,-14.494678856320812,-14.502216320328307,-0.015074928014989553
-17.03319225348488,-16.907651545282242,-16.97042189938356,-0.12554070820263874
-16.508100343422814,-16.458897102849797,-16.483498723136307,-0.04920324057301784
-15.907689050198723,-15.668813462128798,-15.788251256163761,-0.23887558806992537
-15.206978734129054,-15.748739381165304,-15.47785905764718,0.5417606470362504
-17.313884033297025,-17.413382400523766,-17.363633216910394,0.09949836722674021
-16.19837582275956,-16.063093585966314,-16.130734704362936,-0.1352822367932447
-20.00660086015681,-20.048963984001837,-20.027782422079323,0.04236312384502838
-17.751970197660555,-17.577720013267136,-17.664845105463847,-0.17425018439341855
-14.45586033812219,-14.321726367567766,-14.388793352844978,-0.1341339705544229
-14.876693870148713,-14.943732059395028,-14.91021296477187,0.06703818924631477
-16.318884438386092,-16.144106099351617,-16.231495268868855,-0.17477833903447504
-16.786304680555016,-16.805433880213407,-16.79586928038421,0.01912919965839066
-15.825336747753026,-15.765275851611523,-15.795306299682274,-0.06006089614150234
-16.773629384798618,-16.76136059502954,-16.767494989914077,-0.012268789769077415
-16.82680666077383,-16.56442524407005,-16.69561595242194,-0.26238141670377857
-15.378404537298854,-15.356798245613293,-15.367601391456073,-0.021606291685561274
-17.176372364009,-17.205527374949952,-17.190949869479475,0.029155010940950632
-15.582098104526326,-15.473782260442142,-15.527940182484233,-0.10831584408418315
-15.901479229740113,-15.7705033477245,-15.835991288732306,-0.13097588201561372
-15.535150272292023,-16.020622236808514,-15.777886254550268,0.4854719645164902
-14.099634734564832,-14.083555093452553,-14.091594914008692,-0.01607964111227922
-15.513018914783673,-15.502310952362667,-15.50766493357317,-0.010707962421006911
-16.488135931690998,-16.293367694703413,-16.390751813197205,-0.19476823698758494
-15.98137387957714,-16.020523039708387,-16.000948459642764,0.03914916013124703
-15.970274597017184,-15.984465005739732,-15.977369801378458,0.014190408722548398
-15.16734736608093,-15.077088243862761,-15.122217804971847,-0.09025912221816945
-14.109579536006072,-13.882908434472157,-13.996243985239115,-0.22667110153391512
-15.294470560559164,-15.267932065052669,-15.281201312805916,-0.026538495506494897
-16.16170118268133,-16.157647654579364,-16.159674418630345,-0.004053528101966464
-15.00337512782996,-14.953582658002198,-14.97847889291608,-0.04979246982776253
-17.677162599166962,-17.533442003296372,-17.605302301231667,-0.14372059587059027
-15.89902562073684,-15.846467000556284,-15.872746310646562,-0.05255862018055524
-15.126295257151678,-15.09984778190865,-15.113071519530164,-0.02644747524302815
-16.36436746317663,-16.410859542936237,-16.387613503056436,0.04649207975960579
-15.588920649251007,-15.600785000967157,-15.594852825109083,0.011864351716150523
-15.901874685649073,-16.055698559305622,-15.978786622477347,0.15382387365654893
-16.039030348243006,-15.91909606321736,-15.979063205730183,-0.1199342850256464
-16.57386713898246,-16.368984666753704,-16.471425902868084,-0.204882472228757
-20.475800305711083,-20.696106544943845,-20.585953425327464,0.22030623923276238
-15.500977668634404,-15.87640213999056,-15.688689904312483,0.37542447135615653
-15.03332507530666,-15.026178592205596,-15.029751833756128,-0.007146483101063694
-15.262148671275924,-15.153970591629562,-15.208059631452743,-0.10817807964636117
-16.704659834879834,-16.796114222673406,-16.750387028776622,0.09145438779357207
-20.528834971024025,-20.306226015931426,-20.417530493477727,-0.22260895509259981
-15.93304147219143,-15.866247721077828,-15.89964459663463,-0.06679375111360208
-22.984971618441794,-22.73057953131051,-22.85777557487615,-0.2543920871312828
-16.312203492391053,-16.113600582446534,-16.212902037418793,-0.198602909944519
-15.80142462948332,-15.782715027360258,-15.792069828421788,-0.01870960212306194
-17.85385183896536,-17.986993908807126,-17.920422873886245,0.1331420698417638
-19.441280236354913,-18.95093553736363,-19.196107886859274,-0.49034469899128297
-14.797821107295755,-14.754295327531755,-14.776058217413755,-0.04352577976399985
-15.934140993303993,-15.873387764952803,-15.903764379128397,-0.06075322835119046
-19.0895655416785,-19.17004436169435,-19.129804951686424,0.08047882001585194
-18.272250550117697,-18.093801690692928,-18.183026120405312,-0.17844885942476907
-17.179352804077446,-16.98191849822234,-17.08063565114989,-0.1974343058551078
-15.316998106584855,-15.396180374445848,-15.356589240515351,0.07918226786099325
-17.65893419009079,-17.63887428680326,-17.648904238447024,-0.020059903287528158
-18.765986973893366,-18.82287783094391,-18.794432402418636,0.05689085705054353
-18.104052399179498,-18.13099216583938,-18.11752228250944,0.026939766659882736
-16.093058349384016,-16.10775220860685,-16.10040527899543,0.014693859222834504
-16.31191898687875,-16.344551492327682,-16.328235239603217,0.03263250544893026
-20.359982782063618,-20.504313006461842,-20.43214789426273,0.14433022439822452
-17.40441706932393,-17.44860590027533,-17.42651148479963,0.04418883095139847
-16.628208788447257,-17.562942803864146,-17.0955757961557,0.9347340154168897
-17.71485529663729,-17.586540506698892,-17.65069790166809,-0.12831478993839696
-15.259383410119604,-15.317292225988083,-15.288337818053844,0.057908815868479735
-19.10386099297154,-19.20786885859221,-19.155864925781877,0.10400786562066955
-18.00447894029947,-18.09949066657844,-18.051984803438955,0.09501172627896892
-16.81827632594365,-17.093899992089227,-16.95608815901644,0.2756236661455773
-18.489322438450763,-18.479365895607337,-18.48434416702905,-0.009956542843426064
-14.128176566667149,-14.050735573085692,-14.08945606987642,-0.0774409935814564
-18.453749446651774,-18.493256237583378,-18.473502842117576,0.03950679093160403
-16.860846020209436,-16.73208928764554,-16.796467653927486,-0.12875673256389675
-14.71325138568761,-14.673048965221916,-14.693150175454763,-0.04020242046569322
-15.334488094813585,-15.366182476256586,-15.350335285535085,0.03169438144300152
-16.870148530437973,-16.721578283684483,-16.795863407061226,-0.14857024675348995
-15.262790194173219,-15.199133868422415,-15.230962031297818,-0.06365632575080404
-15.392877748737826,-15.32333030214547,-15.358104025441648,-0.06954744659235601
-14.601265963462952,-14.588521701145307,-14.59489383230413,-0.012744262317644584
-18.955374112923895,-19.00927147717047,-18.982322795047182,0.05389736424657343
-15.01665731034379,-15.071454021274633,-15.04405566580921,0.05479671093084271
-14.624530733797782,-14.635249887898897,-14.629890310848339,0.010719154101115791
-17.92880092904543,-17.736330409166392,-17.83256566910591,-0.19247051987903774
-14.918977875749462,-15.019499659149279,-14.96923876744937,0.10052178339981666
-16.11372822960488,-15.824578343781916,-15.969153286693398,-0.2891498858229653
-17.47541633382807,-17.343276915514636,-17.40934662467135,-0.13213941831343234
-20.09894554025621,-20.041717350045303,-20.070331445150757,-0.05722819021090686
-16.272845745718193,-16.106146553352986,-16.18949614953559,-0.1666991923652077
-17.715605507183128,-17.954136862409165,-17.834871184796146,0.23853135522603708
-18.28528371847688,-18.37239913294009,-18.328841425708482,0.08711541446320936
-15.560619038318022,-15.453887699499719,-15.50725336890887,-0.1067313388183031
-17.799841005178873,-17.71368335248042,-17.756762178829646,-0.08615765269845355
-15.260396489417383,-15.195697332528134,-15.228046910972758,-0.06469915688924921
-14.17056511668597,-14.018664604976298,-14.094614860831133,-0.15190051170967145
-15.978471107042544,-15.83390008848264,-15.906185597762592,-0.14457101855990473
-16.69647344093501,-16.40094804854878,-16.548710744741896,-0.295525392386228
-16.916253053283604,-17.149786190353502,-17.033019621818553,0.2335331370698981
-14.640529265280536,-14.401204757484741,-14.520867011382638,-0.23932450779579462
-14.283737464593242,-14.16884517081079,-14.226291317702017,-0.11489229378245192
-19.9925895272765,-20.059671433704768,-20.026130480490636,0.0670819064282675
-15.962870936783471,-15.90024623903226,-15.931558587907865,-0.06262469775121104
-15.47373987336161,-15.501685693808664,-15.487712783585138,0.027945820447053293
-17.875315592395037,-17.560204841332304,-17.71776021686367,-0.3151107510627327
-16.65104556338195,-16.77972659775351,-16.71538608056773,0.1286810343715601
-17.817891264706464,-18.009362124915178,-17.913626694810823,0.19147086020871384
-15.296910885418628,-15.260400599182793,-15.27865574230071,-0.036510286235834855
-15.129343384769864,-15.08113651964132,-15.105239952205592,-0.04820686512854522
-17.74284490203867,-17.81421815697839,-17.77853152950853,0.07137325493972213
-17.726379878537454,-17.454462048958728,-17.59042096374809,-0.2719178295787259
-18.33673232890994,-18.46574329576952,-18.40123781233973,0.1290109668595818
-14.507016649815437,-14.615617733987921,-14.56131719190168,0.10860108417248426
-15.464273706798949,-15.838038697211198,-15.651156202005073,0.37376499041224953
-15.887003167318062,-15.85400612949292,-15.87050464840549,-0.03299703782514207
-14.596606025080167,-14.537517681883008,-14.567061853481587,-0.05908834319715872
-17.59333769442523,-17.440714799977478,-17.517026247201354,-0.15262289444775234
-14.415644430513732,-14.284197834360299,-14.349921132437014,-0.1314465961534328
-14.13554169327339,-14.017493453703874,-14.076517573488633,-0.11804823956951616
-17.775671951731926,-17.703221632976934,-17.73944679235443,-0.07245031875499208
-15.259887316914622,-15.435166332860653,-15.347526824887638,0.1752790159460318
-17.170150966057776,-17.323703851484282,-17.24692740877103,0.1535528854265067
-17.626694427535135,-17.445381860579353,-17.536038144057244,-0.18131256695578202
-16.74742276095388,-16.59085145051727,-16.669137105735576,-0.1565713104366111
-16.14718060175842,-16.115534600805127,-16.131357601281774,-0.03164600095329462
-15.671313210575232,-15.805987485139116,-15.738650347857174,0.13467427456388492
-16.625535900393352,-16.297995165372782,-16.461765532883067,-0.3275407350205697
-17.437807579712697,-17.54569315313886,-17.491750366425777,0.107885573426163
-17.11395797072621,-17.01991734055219,-17.0669376556392,-0.09404063017402109
-18.905981896940773,-18.85746043268935,-18.881721164815062,-0.04852146425142223
-14.525280949506124,-14.408058916169992,-14.466669932838059,-0.11722203333613201
-15.927765319680427,-15.605839392334598,-15.766802356007513,-0.3219259273458288
-15.675902246492607,-15.542568472792428,-15.609235359642518,-0.13333377370017807
-15.479141819554378,-15.484211439647627,-15.481676629601003,0.005069620093248517
-20.04027862733741,-19.942611780033673,-19.991445203685544,-0.09766684730373854
-20.52949754718606,-21.18260574863234,-20.8560516479092,0.6531082014462797
-19.45216301128532,-19.687758343072467,-19.569960677178894,0.2355953317871453
-16.0922193993449,-15.948855404907924,-16.02053740212641,-0.14336399443697445
-17.278328143236642,-17.51065711031463,-17.394492626775637,0.23232896707798645
-17.393456357963206,-17.325947350330473,-17.35970185414684,-0.06750900763273293
-16.234121868644284,-16.13233545848156,-16.18322866356292,-0.10178641016272394
-16.72131338037092,-16.432024493051664,-16.576668936711293,-0.2892888873192554
-19.763248655847036,-19.702761458943435,-19.733005057395236,-0.06048719690360116
-14.42878909057071,-14.510905266498465,-14.469847178534588,0.08211617592775511
-16.860114696124825,-16.89147630428588,-16.875795500205353,0.031361608161056154
-16.03553595423448,-16.0585156638391,-16.04702580903679,0.022979709604619813
-15.89787217239428,-15.71810536405982,-15.80798876822705,-0.17976680833445968
-17.002533846299627,-16.740276811684183,-16.871405328991905,-0.2622570346154447
-16.242116694530743,-16.159621202984475,-16.20086894875761,-0.08249549154626834
-19.783738223929273,-19.92919482124688,-19.85646652258808,0.14545659731760807
-14.87658643302434,-14.752861734252216,-14.814724083638279,-0.12372469877212389
-15.718969710904036,-15.808554592701817,-15.763762151802926,0.08958488179778179
-18.19025113209918,-18.272336060565127,-18.231293596332154,0.08208492846594595
-17.284680871487737,-17.08273196434905,-17.183706417918394,-0.20194890713868574
-15.563563299610726,-15.561110027099073,-15.562336663354898,-0.0024532725116532816
-17.37873743355087,-17.369340069911253,-17.374038751731064,-0.00939736363961785
-17.000562114983964,-17.02406559422178,-17.012313854602873,0.02350347923781726
-18.643087369807535,-18.257651630218966,-18.450369500013252,-0.38543573958856925
-19.13244084575815,-19.8895556811698,-19.510998263463975,0.7571148354116488
-17.538699002388523,-17.565245661731538,-17.551972332060032,0.026546659343015477
-16.910421518771273,-16.730950889456032,-16.820686204113652,-0.17947062931524016
-14.989413468394979,-14.921474021763764,-14.955443745079371,-0.06793944663121465
-15.54468242526549,-15.480355105206865,-15.512518765236177,-0.0643273200586254
-19.854373938692053,-19.732420750029767,-19.793397344360912,-0.12195318866228533
-15.538205050228347,-15.502881342399853,-15.520543196314101,-0.03532370782849448
-19.019772739132748,-19.16377377563087,-19.09177325738181,0.14400103649812124
-14.252643686900129,-14.16149971928624,-14.207071703093185,-0.09114396761388832
-16.558583375563405,-16.43093980447562,-16.494761590019515,-0.12764357108778412
-14.738042957342989,-14.770457805912292,-14.75425038162764,0.03241484856930299
-16.146063201653767,-16.074989205605693,-16.110526203629732,-0.0710739960480744
-16.066520477987574,-16.05584733716557,-16.06118390757657,-0.010673140822003546
-15.08594199874038,-15.026822744246047,-15.056382371493214,-0.059119254494332196
-16.333813330510377,-16.245915955841827,-16.289864643176102,-0.0878973746685503
-15.76568754086317,-15.56142798411361,-15.66355776248839,-0.20425955674955887
-14.857952646581069,-14.838098334460025,-14.848025490520547,-0.01985431212104416
-14.839885753430721,-14.719528884829206,-14.779707319129963,-0.12035686860151529
-17.57405725258034,-17.54798193148918,-17.56101959203476,-0.02607532109115951
-14.635626468139595,-14.578012442569214,-14.606819455354405,-0.057614025570380534
-18.210531545807623,-18.025146393748,-18.11783896977781,-0.1853851520596237
-18.36119183386805,-18.53633602661408,-18.448763930241064,0.17514419274602844
-15.037382121293223,-14.894486493959585,-14.965934307626405,-0.1428956273336386
-22.484395956108614,-21.84923497123479,-22.166815463671703,-0.6351609848738242
-18.16963108634211,-18.106479904424457,-18.138055495383284,-0.06315118191765379
-17.242030045303604,-16.90624857052135,-17.074139307912475,-0.3357814747822552
-15.272525636240356,-15.117204089179367,-15.194864862709862,-0.15532154706098922
-17.231469955184064,-17.21545737242387,-17.22346366380397,-0.016012582760193794
-16.247141412824433,-16.084407715554356,-16.165774564189395,-0.16273369727007747
-15.859260110403461,-15.938780818659865,-15.899020464531663,0.07952070825640334
-16.64689702034421,-16.53249366534536,-16.589695342844784,-0.11440335499884924
-16.015734420616905,-15.962912594821244,-15.989323507719075,-0.05282182579566097
-14.331689949242778,-14.076303179968924,-14.203996564605852,-0.2553867692738532
-15.053458941722223,-15.262740704404512,-15.158099823063367,0.2092817626822896
-16.255440484510405,-17.11358655741013,-16.684513520960266,0.858146072899725
-18.137513094690256,-18.19706017291255,-18.167286633801403,0.05954707822229466
-15.602693459652075,-15.647095439352679,-15.624894449502378,0.04440197970060389
-15.777859461057174,-16.811095326725425,-16.2944773938913,1.0332358656682512
-16.86826910314047,-16.95778615653858,-16.913027629839526,0.08951705339811156
-17.92446787183483,-17.820348587775857,-17.872408229805345,-0.10411928405897086
-17.962323587796085,-17.980702282716635,-17.97151293525636,0.018378694920549776
-15.525651040824428,-15.445411770468457,-15.485531405646443,-0.08023927035597112
-16.330825267587905,-16.41106848376643,-16.37094687567717,0.08024321617852692
-16.54427802239404,-16.44034122063566,-16.49230962151485,-0.10393680175837972
-17.8094915846074,-17.38972045954248,-17.59960602207494,-0.4197711250649192
-16.591176340185093,-16.518046125218127,-16.55461123270161,-0.07313021496696592
-14.790161412481353,-14.728692234208854,-14.759426823345104,-0.06146917827249965
-15.841971646932969,-16.037730748230985,-15.939851197581977,0.195759101298016
-16.298748218492126,-16.240497840308986,-16.269623029400556,-0.05825037818313916
-17.310506958784035,-17.340299888132932,-17.325403423458482,0.02979292934889699
-16.386931432871005,-16.364416415470274,-16.37567392417064,-0.022515017400731807
-14.925436445481443,-14.871508376077884,-14.898472410779664,-0.05392806940355932
-18.314107159349696,-18.20303467487306,-18.258570917111378,-0.11107248447663665
-20.75441174179901,-20.178108732816916,-20.466260237307964,-0.5763030089820944
-15.305179678812555,-15.401416766871797,-15.353298222842177,0.09623708805924203
-16.824013533278038,-16.73884484043637,-16.781429186857203,-0.08516869284166617
-16.19012453672004,-16.1645619845983,-16.17734326065917,-0.025562552121741078
-18.825178678531397,-18.491733539472612,-18.658456109002003,-0.33344513905878514
-17.42701806837598,-17.28475435679828,-17.35588621258713,-0.1422637115776979
-15.817187918701105,-15.761818278706873,-15.789503098703989,-0.0553696399942325
-15.755795889221588,-15.546785073514776,-15.651290481368182,-0.20901081570681157
-17.366116639264167,-17.72760530982862,-17.54686097454639,0.36148867056445155
-16.824514825022824,-16.85010845365555,-16.837311639339188,0.02559362863272696
-14.880406265260438,-14.923184967826284,-14.90179561654336,0.042778702565845705
-15.335513777231146,-15.335936265559432,-15.33572502139529,0.00042248832828661875
-16.186745424762957,-15.85490182951829,-16.020823627140622,-0.331843595244667
-15.884215589417698,-15.679962316406742,-15.78208895291222,-0.20425327301095564
-17.2117039308799,-17.27086607524187,-17.241285003060884,0.05916214436197009
-17.961243603467597,-17.861706036601863,-17.91147482003473,-0.09953756686573456
-16.43700978559787,-16.343107490401152,-16.39005863799951,-0.09390229519671678
-20.780423718074868,-20.781521894470345,-20.780972806272608,0.0010981763954767132
-15.440428113353745,-15.382521226929336,-15.41147467014154,-0.057906886424408555
-16.50559657040675,-16.399297248740506,-16.45244690957363,-0.10629932166624556
-16.189646095003226,-16.159742647411612,-16.17469437120742,-0.02990344759161445
-14.669380521346078,-14.717050852822565,-14.693215687084322,0.04767033147648725
-15.341641379963551,-15.50324861298613,-15.422444996474841,0.16160723302257907
-20.452612553888006,-19.985448346665024,-20.219030450276513,-0.46716420722298224
-16.109486871741463,-16.091397478718864,-16.100442175230164,-0.018089393022599154
-15.67188216003522,-15.601965821043244,-15.636923990539232,-0.0699163389919768
-19.420538434088115,-19.69374766039094,-19.557143047239528,0.27320922630282496
-16.3870186096527,-16.28747530938229,-16.337246959517493,-0.09954330027040825
-14.92332296760945,-14.876586196461677,-14.899954582035562,-0.046736771147772416
-15.971369381932039,-15.886712369685826,-15.929040875808933,-0.08465701224621291
-14.517538439304323,-14.356712683411278,-14.4371255613578,-0.16082575589304504
-15.866011797201901,-15.759292620224745,-15.812652208713324,-0.1067191769771565
-18.799215982960046,-18.685993756874893,-18.74260486991747,-0.11322222608515276
-17.42599792487154,-17.322291734524192,-17.37414482969787,-0.10370619034734929
-15.817965232636514,-15.91247405325482,-15.865219642945668,0.0945088206183069
-15.578957545116083,-15.578966358371902,-15.578961951743992,8.813255819362098e-6
-20.835742142511688,-21.00243883073494,-20.91909048662331,0.1666966882232508
-16.822978622481898,-16.848624895038174,-16.835801758760034,0.025646272556276273
-15.76632692503593,-15.83070813913282,-15.798517532084375,0.06438121409689046
-14.768646447462439,-14.73010612255825,-14.749376285010346,-0.03854032490418824
-16.138052550344202,-16.214267594406724,-16.176160072375463,0.076215044062522
-15.55758277501799,-15.67170717765364,-15.614644976335814,0.11412440263565138
-18.210062715202447,-17.99317237292701,-18.10161754406473,-0.21689034227543758
-25.351391643882263,-22.758152159484624,-24.054771901683445,-2.593239484397639
-18.488005948705133,-18.536125601366237,-18.512065775035687,0.04811965266110363
-15.33613045472775,-15.376257237351307,-15.356193846039528,0.040126782623557844
-18.902557428542515,-19.817631390745092,-19.360094409643803,0.9150739622025768
-16.099999426505942,-16.09798422470424,-16.09899182560509,-0.0020152018017007833
-16.632648245736902,-16.517232237984643,-16.574940241860773,-0.11541600775225902
-18.033416893906484,-18.001018959287556,-18.01721792659702,-0.03239793461892759
-17.02911306626064,-16.9971952532256,-17.013154159743117,-0.031917813035040155
-15.138317178054423,-14.911908086895892,-15.025112632475157,-0.2264090911585317
-15.867999527557508,-15.891546320775563,-15.879772924166534,0.023546793218054418
-17.119909130879257,-16.98108525860432,-17.050497194741787,-0.1388238722749371
-15.597880189517257,-15.489532626216434,-15.543706407866846,-0.10834756330082307
-15.313506143840915,-15.058663302037743,-15.186084722939329,-0.2548428418031712
-14.180731603879027,-14.141821674605609,-14.161276639242317,-0.03890992927341763
-14.842654523186198,-14.856030198362442,-14.849342360774319,0.013375675176243718
-15.244338076954895,-14.997756426825877,-15.121047251890385,-0.24658165012901812
-17.955730294213545,-17.932712064800455,-17.944221179507,-0.02301822941308984
-15.656380788715348,-15.627210228863717,-15.641795508789532,-0.02917055985163053
-16.212641373546198,-16.203930664193802,-16.208286018869998,-0.008710709352396151
-16.526661481713997,-16.421188781218326,-16.47392513146616,-0.10547270049567103
-16.111114463416936,-16.095901385907155,-16.103507924662047,-0.015213077509780959
-20.133291857979305,-20.005004391611585,-20.069148124795447,-0.12828746636771982
-16.757409263570278,-16.735438404439346,-16.746423834004812,-0.02197085913093133
-14.489429263367931,-14.366250729106202,-14.427839996237067,-0.12317853426172931
-18.633085050516176,-18.317734587500595,-18.475409819008384,-0.3153504630155801
-19.710399357239012,-19.812309259839857,-19.761354308539435,0.10190990260084476
-15.267215184767036,-15.120351421917505,-15.19378330334227,-0.14686376284953084
-16.541002921523404,-16.47940175141023,-16.51020233646682,-0.061601170113174675
-16.355424498318328,-16.263659361470637,-16.309541929894483,-0.09176513684769105
-15.291013644396019,-15.315952322666462,-15.30348298353124,0.02493867827044305
-18.57004960340287,-18.953412811164018,-18.761731207283447,0.3833632077611462
-19.957212585182106,-20.190901602222254,-20.07405709370218,0.23368901704014888
-18.59937693144145,-18.722902502475655,-18.66113971695855,0.12352557103420381
-16.328489074227576,-16.118505128453712,-16.223497101340644,-0.20998394577386392
-14.7886821730156,-14.700012958120915,-14.744347565568258,-0.0886692148946846
-18.387394684782358,-18.29695899735131,-18.342176841066834,-0.09043568743104657
-15.97541043682543,-16.014266691776633,-15.99483856430103,0.03885625495120415
-16.887472390784048,-16.930610127241543,-16.909041259012795,0.043137736457495635
-15.182024554462345,-14.934491225579968,-15.058257890021157,-0.24753332888237622
-17.161378397220563,-16.8645983729848,-17.01298838510268,-0.2967800242357619
-18.144939231957615,-18.343130946280336,-18.244035089118974,0.19819171432272142
-16.05950878946188,-15.987849960676186,-16.023679375069033,-0.07165882878569363
-16.674222515291767,-16.455573166804054,-16.56489784104791,-0.21864934848771256
-17.72986408001389,-17.7311198761495,-17.730491978081695,0.0012557961356094438
-16.08930239974318,-16.279823454782452,-16.184562927262817,0.19052105503927308
-17.911007805616855,-18.01336440664977,-17.962186106133313,0.10235660103291622
-15.903477139439083,-15.877423377148041,-15.890450258293562,-0.02605376229104195
-20.901322046092197,-22.014774192405305,-21.45804811924875,1.113452146313108
-19.826455408208492,-19.706261287402278,-19.766358347805387,-0.1201941208062145
-20.547601176387243,-20.459314367846687,-20.503457772116967,-0.08828680854055548
-14.426236031059027,-14.417252865559412,-14.42174444830922,-0.008983165499614643
-20.558255097755612,-20.540564516039858,-20.549409806897735,-0.01769058171575466
-22.21764885902249,-22.597690318158083,-22.407669588590288,0.38004145913559384
-17.54451643929088,-17.498646856957507,-17.521581648124194,-0.045869582333374126
-18.26423655791563,-18.33931272821783,-18.30177464306673,0.07507617030220004
-19.599463374451613,-19.323714817236407,-19.461589095844012,-0.27574855721520564
-17.113438421435866,-16.91636048728831,-17.014899454362087,-0.1970779341475577
-16.607323620874634,-16.63320573211473,-16.620264676494685,0.025882111240097316
-19.792336675264774,-19.96130918783587,-19.876822931550322,0.16897251257109502
-16.423560548291483,-16.471384128407767,-16.447472338349627,0.04782358011628318
-15.153539235012692,-15.152982688499286,-15.15326096175599,-0.0005565465134065306
-16.965842678784554,-16.78268905111407,-16.87426586494931,-0.18315362767048526
-19.0019085398441,-18.4196098876477,-18.7107592137459,-0.5822986521963998
-16.48354172891814,-16.516000699513903,-16.49977121421602,0.03245897059576208
-16.744491681271672,-17.039131440721757,-16.891811560996715,0.29463975945008514
-16.250723104561022,-16.118764175166245,-16.184743639863633,-0.13195892939477716
-17.89942811651607,-17.81277494815466,-17.856101532335366,-0.08665316836140846
-16.34514527573801,-16.309351520063593,-16.327248397900803,-0.03579375567441545
-16.586150852386943,-16.57298459172189,-16.579567722054417,-0.01316626066505222
-17.01479016580308,-16.810947096957925,-16.912868631380505,-0.20384306884515624
-14.291566325070516,-14.249627070687858,-14.270596697879187,-0.04193925438265822
-17.309091667907463,-17.066902198004616,-17.18799693295604,-0.24218946990284707
-17.627584171329026,-17.545004719733527,-17.586294445531276,-0.08257945159549962
-18.864772923922775,-18.81580235041875,-18.84028763717076,-0.04897057350402534
-16.129266577699262,-16.06318695924255,-16.096226768470906,-0.06607961845671184
-18.438057386881365,-18.145814879170715,-18.29193613302604,-0.2922425077106503
-16.665267087346972,-16.772968345943596,-16.719117716645286,0.10770125859662372
-17.39336525086557,-17.586692729640127,-17.49002899025285,0.19332747877455603
-17.23552840846859,-17.090732380621937,-17.163130394545263,-0.14479602784665246
-16.826965972237,-16.893041512707985,-16.860003742472493,0.06607554047098319
-14.674831002831707,-14.570056354688784,-14.622443678760245,-0.10477464814292325
-16.23512933400475,-16.327278546983642,-16.281203940494194,0.09214921297889234
-18.153694510792338,-18.287335851697634,-18.220515181244984,0.1336413409052959
-16.319791555596915,-16.709339992613074,-16.514565774104994,0.3895484370161597
-16.032819519636632,-15.925930124416492,-15.979374822026562,-0.10688939522013996
-15.892156075372771,-16.847673547140484,-16.369914811256628,0.9555174717677133
-18.60262628567169,-18.266432226577972,-18.434529256124833,-0.33619405909371736
-15.506417864514175,-15.412375601695423,-15.4593967331048,-0.09404226281875161
-16.747858154278568,-16.98058494667573,-16.864221550477147,0.23272679239716254
-17.344706122863855,-17.42036871519925,-17.38253741903155,0.07566259233539441
-16.451471022601027,-16.464225571285823,-16.457848296943425,0.012754548684796418
-17.48071153671596,-17.501783371248152,-17.491247453982055,0.021071834532193634
-16.322333418262854,-16.44617369325072,-16.384253555756786,0.12384027498786665
-17.11676311236198,-17.23321733787692,-17.17499022511945,0.11645422551493922
-16.50638107929357,-16.32142468349959,-16.41390288139658,-0.1849563957939786
-17.368027486952712,-17.370859027739257,-17.369443257345985,0.002831540786544906
-17.606550789075754,-17.267202266807324,-17.43687652794154,-0.3393485222684305
-14.938623983392976,-14.662825593965566,-14.800724788679272,-0.2757983894274094
-14.802679280893296,-14.887535439821892,-14.845107360357595,0.08485615892859677
-18.62526143664516,-18.76021983095747,-18.692740633801314,0.13495839431231005
-15.466952925669762,-15.536769118306445,-15.501861021988104,0.06981619263668293
-16.373352345010527,-16.374073280786305,-16.373712812898418,0.000720935775778031
-15.248134125998194,-15.087030287581891,-15.167582206790042,-0.16110383841630238
-17.386397251116907,-17.98428183392404,-17.685339542520474,0.5978845828071329
-14.720729185672596,-14.71076705461375,-14.715748120143173,-0.009962131058845358
-17.704452739900415,-17.813385590972086,-17.75891916543625,0.10893285107167117
-17.92380504936046,-17.790541314801423,-17.857173182080942,-0.13326373455903706
-16.197437033357094,-16.268017836595767,-16.232727434976432,0.07058080323867344
-15.746017890833322,-15.724731115782255,-15.735374503307789,-0.021286775051066797
-14.93596526925926,-14.853390573600942,-14.894677921430102,-0.08257469565831776
-19.48840174748803,-19.148096629983804,-19.31824918873592,-0.34030511750422576
-15.46107826733361,-15.763526762194648,-15.612302514764128,0.30244849486103753
-16.192363868633386,-16.149533623288633,-16.17094874596101,-0.04283024534475288
-20.08877914172858,-19.732380524812818,-19.9105798332707,-0.3563986169157616
-15.417678318330259,-15.332127908240704,-15.37490311328548,-0.08555041008955477
-17.173057489989596,-17.023311855677022,-17.09818467283331,-0.14974563431257337
-17.06463507151506,-17.16408235021867,-17.114358710866867,0.09944727870361092
-15.469435000437755,-15.365236101925799,-15.417335551181777,-0.10419889851195663
-19.42842488361394,-19.409235229878643,-19.41883005674629,-0.01918965373529602
-16.445292030473585,-16.406875404657715,-16.42608371756565,-0.03841662581587002
-17.465273596688203,-17.303599879681805,-17.384436738185002,-0.16167371700639777
-16.970646129170973,-16.859020649869166,-16.91483338952007,-0.11162547930180722
-16.368903662977363,-16.261720859499498,-16.315312261238432,-0.10718280347786546
-15.779654505615273,-15.720132148222234,-15.749893326918754,-0.059522357393039016
-20.61547843035563,-21.74766379223831,-21.181571111296968,1.13218536188268
-16.876290262404364,-16.637518434947516,-16.75690434867594,-0.23877182745684777
-19.918580617663867,-19.830710493393696,-19.87464555552878,-0.0878701242701716
-18.367891116953192,-18.10261111509991,-18.235251116026554,-0.2652800018532808
-17.89111081877002,-17.741254684932166,-17.816182751851095,-0.14985613383785434
-17.26166192176002,-16.99814560951955,-17.129903765639785,-0.2635163122404691
-18.47074552512319,-18.37665733289315,-18.42370142900817,-0.09408819223003917
-20.056678920771763,-20.243506732723784,-20.150092826747773,0.18682781195202125
-16.099328169377866,-16.184848751209664,-16.142088460293763,0.08552058183179767
-17.89245650090762,-17.99792861348289,-17.945192557195256,0.10547211257527067
-17.48453571100243,-17.344257496601102,-17.414396603801766,-0.14027821440132726
-17.7159444166911,-17.942657956120975,-17.82930118640604,0.22671353942987338
-18.275368014776603,-18.314314615998285,-18.294841315387444,0.038946601221681476
-16.42041705770976,-16.658218715467587,-16.539317886588673,0.2378016577578279
-18.795435885225515,-18.74456473389997,-18.770000309562743,-0.05087115132554487
-18.381169333030822,-18.230788969905397,-18.305979151468108,-0.15038036312542502
-18.97135834730932,-18.938475312452084,-18.954916829880702,-0.032883034857235316
-15.97027408281475,-16.078075210485462,-16.024174646650106,0.1078011276707116
-16.045710739532726,-16.061730736771374,-16.05372073815205,0.01601999723864722
-16.76222987181151,-16.772346990618743,-16.76728843121513,0.010117118807233538
-17.550891200580512,-17.446279213860727,-17.49858520722062,-0.10461198671978522
-16.944267618925572,-17.02868794893211,-16.98647778392884,0.08442033000653737
-16.884396822633217,-16.743352067626113,-16.813874445129663,-0.14104475500710478
-16.825809053322512,-16.71239927999329,-16.7691041666579,-0.11340977332922364
-18.25181274465209,-18.17837900127402,-18.215095872963055,-0.07343374337806807
-16.236271984578202,-16.100223906458517,-16.16824794551836,-0.13604807811968556
-17.63546850991645,-17.685915160178197,-17.660691835047324,0.05044665026174755
-19.40527182430245,-19.306312573304012,-19.35579219880323,-0.09895925099843694
-16.660773853134046,-16.608713304118282,-16.634743578626164,-0.05206054901576351
-17.548835197181553,-17.622309712011436,-17.585572454596495,0.07347451482988276
-16.8575638068754,-16.875235232275465,-16.86639951957543,0.01767142540006361
-21.035658686580003,-20.895819649856605,-20.965739168218306,-0.13983903672339792
-15.988619080963598,-15.99325473311616,-15.99093690703988,0.004635652152561676
-14.623630632254146,-14.543082306179922,-14.583356469217033,-0.08054832607422391
-17.672410175957726,-17.629910523426318,-17.65116034969202,-0.04249965253140786
-16.82376988296817,-16.859334822879347,-16.841552352923756,0.03556493991117904
-16.183016106548397,-16.149931674249743,-16.166473890399068,-0.03308443229865432
-20.437427466710247,-20.458570601047278,-20.447999033878762,0.021143134337030745
-16.26007392419439,-16.128942333198204,-16.1945081286963,-0.131131590996187
-17.223950616232706,-17.022737006018176,-17.12334381112544,-0.20121361021453055
-17.30232088977,-17.260329329021232,-17.281325109395617,-0.04199156074876953
-15.965138954731922,-15.990422767731859,-15.97778086123189,0.02528381299993754
-17.77826472635344,-17.699006098977776,-17.73863541266561,-0.07925862737566547
-17.61420452586966,-17.715770484145132,-17.664987505007396,0.10156595827547221
-18.362618629377515,-18.37667837960839,-18.36964850449295,0.014059750230874357
-17.14015243965828,-17.095023855064035,-17.117588147361158,-0.04512858459424507
-16.62327343884088,-16.645090731097454,-16.63418208496917,0.021817292256574916
-15.59665616432288,-15.70581674429751,-15.651236454310194,0.10916057997462936
-15.912806817436312,-15.877230853827456,-15.895018835631884,-0.0355759636088564
-20.183444243371866,-19.96162729262337,-20.072535767997618,-0.22181695074849728
-19.699027763639883,-19.370084962698044,-19.534556363168964,-0.3289428009418387
-16.426571568844807,-16.518572487242917,-16.472572028043864,0.09200091839811009
-16.5063761279702,-16.38525710020065,-16.445816614085423,-0.12111902776954864
-15.467061835780598,-15.40545831116749,-15.436260073474044,-0.06160352461310836
-16.275020584674838,-16.35592539224463,-16.31547298845973,0.0809048075697909
-16.18014407421046,-16.06709892000613,-16.123621497108296,-0.11304515420432892
-19.09637578591403,-19.008844783903445,-19.052610284908738,-0.08753100201058572
-16.313191243792776,-16.254100089997372,-16.283645666895076,-0.05909115379540353
-16.13671184065101,-15.98309613888355,-16.059903989767278,-0.15361570176746042
-15.97619902678855,-15.866527129014523,-15.921363077901535,-0.1096718977740263
-18.335381659848956,-18.36313357962881,-18.349257619738882,0.027751919779852585
-16.875740457611787,-16.86973744574751,-16.87273895167965,-0.006003011864276431
-16.378053148118223,-16.358796801962086,-16.368424975040156,-0.019256346156137027
-18.417149724037767,-18.250985265239798,-18.33406749463878,-0.1661644587979687
-17.402212204489185,-17.391739204544656,-17.39697570451692,-0.010472999944528993
-19.26215178413586,-19.259795050078484,-19.260973417107174,-0.0023567340573755757
-16.175373041649774,-16.10963523784006,-16.142504139744915,-0.06573780380971428
-16.68583482340689,-16.647455081698382,-16.666644952552637,-0.038379741708507
-14.814929828467276,-14.785208326112166,-14.80006907728972,-0.02972150235511073
-16.991990980562544,-17.073688126625637,-17.03283955359409,0.08169714606309242
-17.26444307205523,-17.6251446325852,-17.444793852320217,0.3607015605299715
-16.755909283401255,-16.728774231558035,-16.742341757479643,-0.027135051843220737
-16.088631599869814,-15.960105227561886,-16.024368413715848,-0.12852637230792752
-15.405740064195411,-15.283231084985095,-15.344485574590253,-0.12250897921031623
-15.538232747705031,-15.419867577249736,-15.479050162477384,-0.11836517045529504
-17.47650139267782,-17.924260880184118,-17.70038113643097,0.44775948750629624
-16.686559730560983,-16.54637993153235,-16.616469831046665,-0.1401797990286333
-16.7634046133758,-16.603555679722053,-16.683480146548927,-0.1598489336537483
-15.826972099282102,-15.710566048251856,-15.768769073766979,-0.11640605103024626
-15.939270195712334,-15.752819974966519,-15.846045085339426,-0.1864502207458152
-17.199558417918254,-17.26047687109844,-17.230017644508347,0.06091845318018585
-16.626209918264077,-16.532534298458422,-16.579372108361248,-0.09367561980565497
-17.32953180498881,-17.31036281690896,-17.319947310948884,-0.019168988079851346
-16.09066183112903,-16.043830529857413,-16.06724618049322,-0.04683130127161661
-18.34074914494956,-17.939196820026545,-18.139972982488054,-0.4015523249230135
-17.24373702809137,-17.034559269597437,-17.139148148844406,-0.20917775849393294
-16.705595743793783,-16.675746647587594,-16.69067119569069,-0.029849096206188364
-16.11715867924073,-16.02642720807474,-16.071792943657734,-0.09073147116599145
-15.366423236344462,-15.247831832591213,-15.307127534467838,-0.11859140375324806
-18.857365901874807,-18.859583517464678,-18.858474709669743,0.0022176155898705474
-17.98589199497449,-17.97588497493958,-17.980888484957035,-0.010007020034912273
-15.293816954719562,-15.28497320431194,-15.289395079515751,-0.008843750407621087
-17.021841709104,-17.15104440299369,-17.086443056048843,0.12920269388969174
-17.844638931812508,-17.894417780731196,-17.86952835627185,0.04977884891868811
-17.15584088677397,-17.248446924675505,-17.20214390572474,0.0926060379015361
-18.803639917096355,-18.977434197273592,-18.89053705718497,0.17379428017723697
-18.23427887430021,-18.181287936422223,-18.207783405361216,-0.052990937877986255
-18.371549963706247,-18.347390996353308,-18.359470480029778,-0.024158967352938987
-17.162394673793543,-17.100336000130355,-17.13136533696195,-0.06205867366318785
-16.710405229166057,-16.609565936849535,-16.659985583007796,-0.10083929231652178
-17.936124361113087,-18.154377051876963,-18.045250706495025,0.218252690763876
-17.506255664986462,-17.41211574838031,-17.459185706683385,-0.09413991660615295
-16.842244453342538,-16.730920126056684,-16.78658228969961,-0.11132432728585329
-15.348999125600518,-15.31689858292217,-15.332948854261343,-0.032100542678348276
-17.90854049350541,-18.081190979247783,-17.994865736376596,0.1726504857423734
-17.684607809138168,-17.696108116367697,-17.690357962752934,0.011500307229528772
-17.031762653731995,-16.67908029610782,-16.855421474919908,-0.3526823576241753
-18.81719220668687,-18.822827205904552,-18.82000970629571,0.005634999217683401
-19.347957834492345,-18.84606572754329,-19.09701178101782,-0.5018921069490538
-16.86165973846501,-17.12807483773334,-16.994867288099176,0.26641509926832896
-17.445103428244522,-17.576873588220714,-17.510988508232618,0.1317701599761918
-17.317904888665282,-17.255313741816266,-17.286609315240774,-0.0625911468490159
-16.16615281020411,-16.248860025838507,-16.20750641802131,0.08270721563439665
-18.903738589331372,-18.6176678879839,-18.760703238657634,-0.28607070134747303
-19.751398385869976,-19.742310911821058,-19.746854648845517,-0.00908747404891841
-16.63227561447538,-16.746278233305418,-16.689276923890397,0.11400261883003893
-17.796196107143583,-17.66533337966478,-17.73076474340418,-0.130862727478803
-17.737886097674405,-17.711823913494,-17.724855005584203,-0.026062184180403847
-18.927245600294004,-19.014999741612428,-18.971122670953214,0.08775414131842396
-19.191077930692675,-19.021871557849867,-19.10647474427127,-0.16920637284280815
-20.156039887621517,-20.4374448850673,-20.29674238634441,0.28140499744578307
-19.45902830136361,-19.384063475800644,-19.421545888582127,-0.07496482556296513
-16.312094627949413,-16.303159169616904,-16.30762689878316,-0.008935458332508972
-17.26481404549109,-17.22039959231067,-17.24260681890088,-0.044414453180419144
-16.952870487697425,-16.916646502505944,-16.934758495101683,-0.03622398519148007
-17.283501156924274,-17.256635413196715,-17.270068285060496,-0.026865743727558566
-16.959304192847284,-16.97763232117564,-16.968468257011462,0.018328128328356286
-19.652642902773422,-19.221931489643396,-19.43728719620841,-0.4307114131300267
-16.687859640087716,-16.831623123183597,-16.759741381635656,0.14376348309588138
-15.602651015965508,-15.530341160657738,-15.566496088311624,-0.07230985530777012
-16.578614198850385,-16.77848493971763,-16.67854956928401,0.19987074086724377
-17.149052074768427,-17.19182180776724,-17.170436941267834,0.04276973299881348
-16.545279691449828,-16.57006843494573,-16.55767406319778,0.024788743495900434
-15.408739600183715,-15.320679024924264,-15.36470931255399,-0.08806057525945121
-17.651638844138418,-17.427706353557298,-17.539672598847858,-0.2239324905811202
-17.496306255230426,-17.306269361617268,-17.401287808423845,-0.1900368936131578
-18.721312590456257,-18.468920773440352,-18.595116681948305,-0.25239181701590496
-17.964705773849154,-18.01478773793947,-17.989746755894313,0.0500819640903174
-19.140664743667422,-19.07355673052952,-19.107110737098473,-0.06710801313790071
-17.07674005829971,-17.13198881648647,-17.104364437393087,0.05524875818676023
-17.115670274128686,-16.8641673794606,-16.989918826794643,-0.25150289466808573
-15.720902407227733,-15.889411724497132,-15.805157065862431,0.16850931726939855
-19.55372628421197,-19.499504868443875,-19.52661557632792,-0.054221415768093806
-18.467120248997425,-18.463791370540115,-18.46545580976877,-0.003328878457310225
-16.24019434765638,-16.222599114273237,-16.23139673096481,-0.01759523338314395
-14.76720001298778,-14.771538481592973,-14.769369247290378,0.0043384686051926025
-17.31902252697318,-17.562461075253868,-17.440741801113525,0.24343854828068956
-19.37589484394176,-19.337151453186895,-19.356523148564328,-0.03874339075486688
-20.84398733604774,-23.037423517843287,-21.940705426945513,2.1934361817955477
-15.962824844263718,-15.910909583332838,-15.936867213798278,-0.051915260930879725
-15.136085141185578,-14.980742011226527,-15.058413576206053,-0.15534312995905175
-18.751876811284944,-18.47167011042802,-18.611773460856483,-0.280206700856926
-16.006480309994284,-15.997905246959744,-16.002192778477013,-0.00857506303453981
-16.743787361653997,-16.644021876961325,-16.69390461930766,-0.09976548469267144
-18.25141414630381,-18.091766886052245,-18.17159051617803,-0.15964726025156395
-17.803524441576585,-17.54482892651044,-17.674176684043513,-0.25869551506614386
-19.218341608562287,-19.27829227116299,-19.24831693986264,0.05995066260070203
-15.995610737930472,-15.886458444456709,-15.94103459119359,-0.10915229347376254
-16.511084787085466,-16.550805994518697,-16.53094539080208,0.0397212074332316
-17.44607793997526,-17.522006149017766,-17.484042044496512,0.0759282090425053
-18.391195755469816,-18.16152453095257,-18.276360143211193,-0.2296712245172472
-18.268510395038255,-18.172187896642363,-18.22034914584031,-0.09632249839589235
-16.58698170444711,-16.795542484333602,-16.691262094390353,0.20856077988649346
-15.606618511561784,-15.520117817905113,-15.563368164733449,-0.08650069365667079
-17.150948812410824,-17.18985895869583,-17.170403885553327,0.038910146285005
-15.282937844452997,-15.15210729193884,-15.217522568195918,-0.13083055251415665
-17.588639699968645,-17.600833814339268,-17.594736757153957,0.012194114370622344
-15.288933829490704,-15.295343208622938,-15.29213851905682,0.006409379132234605
-15.659938795639286,-15.910814596871013,-15.785376696255149,0.2508758012317269
-16.726543454212887,-16.468026377121067,-16.597284915666975,-0.25851707709182037
-15.351484411032134,-15.257070211029749,-15.30427731103094,-0.09441420000238487
-18.35883920630188,-18.19054903674453,-18.274694121523204,-0.16829016955734843
-18.778230627467096,-18.394423595304627,-18.586327111385863,-0.38380703216246914
-17.42863461281101,-17.367317756759345,-17.39797618478518,-0.061316856051664814
-20.16770157103192,-20.34264730584872,-20.25517443844032,0.17494573481679865
-15.754036553983262,-15.66740499986442,-15.710720776923841,-0.08663155411884205
-17.608332335899362,-17.35309814124244,-17.4807152385709,-0.25523419465692143
-16.474917111075573,-16.50580473518051,-16.490360923128044,0.030887624104938283
-17.225535873916,-17.011335558881118,-17.118435716398558,-0.21420031503488346
-17.058893913341358,-17.05069142404349,-17.05479266869242,-0.00820248929786871
-16.22992846183524,-16.360773528466385,-16.295350995150812,0.1308450666311458
-20.06653602449658,-20.78327683575405,-20.424906430125315,0.7167408112574734
-15.570083833651339,-15.36009034170495,-15.465087087678144,-0.2099934919463884
-16.594057251892888,-16.4903455305912,-16.542201391242045,-0.10371172130168915
-16.09391103099735,-15.942028266410986,-16.017969648704167,-0.15188276458636452
-18.177689281528533,-18.05530013648945,-18.11649470900899,-0.12238914503908305
-18.52954860592361,-18.770876735086226,-18.650212670504917,0.2413281291626177
-17.728139070564605,-17.743551436488914,-17.73584525352676,0.015412365924309057
-16.517711697758546,-16.42460090541393,-16.471156301586237,-0.09311079234461772
-16.84131207759561,-16.826924032298393,-16.834118054947,-0.014388045297216934
-15.910264137363605,-15.876334180308287,-15.893299158835946,-0.03392995705531732
-16.18414881995686,-16.190296593425977,-16.18722270669142,0.0061477734691166575
-18.095744515176914,-18.03545441663511,-18.06559946590601,-0.060290098541806
-17.06782250005255,-16.957608568625737,-17.012715534339144,-0.1102139314268129
-16.280838093797602,-16.255798233867296,-16.268318163832447,-0.025039859930306108
-22.85117129193805,-22.532643515464514,-22.691907403701283,-0.31852777647353747
-18.071324766279048,-18.18328038685408,-18.127302576566564,0.11195562057503139
-19.620403375506474,-19.463880637436525,-19.5421420064715,-0.15652273806994899
-17.919468794032014,-17.91213283328093,-17.91580081365647,-0.007335960751085224
-19.601879299317012,-20.036071744810485,-19.81897552206375,0.4341924454934727
-16.124094745561777,-16.20624273558319,-16.165168740572483,0.08214799002141149
-18.239109723492007,-18.053706274302154,-18.146407998897082,-0.1854034491898524
-18.120392806402045,-18.09694262458614,-18.108667715494093,-0.023450181815903193
-16.046152393198515,-15.950609327962372,-15.998380860580443,-0.09554306523614287
-16.993267133724707,-16.711483437418384,-16.852375285571547,-0.2817836963063236
-16.662929171858387,-16.584196369437358,-16.623562770647872,-0.07873280242102965
-16.387586744672333,-16.454865889471076,-16.421226317071707,0.06727914479874286
-17.079633611522222,-17.18468269803308,-17.13215815477765,0.10504908651085643
-18.908189708563995,-18.961217637893277,-18.934703673228636,0.05302792932928213
-17.319533644263906,-17.255503375457828,-17.287518509860867,-0.06403026880607854
-15.104732938591887,-15.110986536411623,-15.107859737501755,0.006253597819736001
-18.212418076721697,-18.308740288755324,-18.26057918273851,0.0963222120336269
-17.03687129463781,-17.33802210674545,-17.18744670069163,0.3011508121076396
-16.78050732816261,-16.654477456477963,-16.71749239232029,-0.12602987168464708
-17.123827221865103,-17.119116056485566,-17.121471639175333,-0.004711165379536197
-19.64122316069793,-19.66974559454129,-19.655484377619608,0.028522433843360062
-16.07944419714165,-15.90612748275191,-15.99278583994678,-0.17331671438974183
-19.39791147990343,-20.90392511527372,-20.150918297588575,1.5060136353702873
-15.969529886147322,-15.948750385875073,-15.959140136011197,-0.020779500272249507
-18.90241705678234,-19.63921673789302,-19.27081689733768,0.7367996811106785
-17.831740690981533,-17.745664745962188,-17.78870271847186,-0.08607594501934557
-16.0473702434012,-15.981757398214523,-16.01456382080786,-0.06561284518667776
-15.462737096787661,-15.349724461115617,-15.406230778951638,-0.11301263567204423
-18.538767496441316,-18.786251074760187,-18.662509285600752,0.2474835783188709
-21.939329004275127,-21.64966308129704,-21.794496042786083,-0.289665922978088
-16.129428604342298,-16.095619650202792,-16.112524127272543,-0.03380895413950569
-16.199342668853955,-16.003971345182585,-16.101657007018268,-0.19537132367137033
-17.30627921114731,-17.328550425750244,-17.317414818448775,0.022271214602934464
-16.027785103324533,-15.904795449392704,-15.966290276358619,-0.12298965393182826
-16.3536439171738,-16.298314308977375,-16.32597911307559,-0.05532960819642696
-17.16517839810316,-17.36433833136642,-17.26475836473479,0.1991599332632603
-17.43258937012682,-17.52754217168761,-17.480065770907217,0.09495280156079033
-16.648742584144394,-16.652931197490425,-16.65083689081741,0.004188613346030934
-16.050268107170613,-15.836631663426402,-15.943449885298508,-0.21363644374421042
-17.222669402831578,-17.206237860554285,-17.214453631692933,-0.016431542277292266
-22.038379580860543,-21.536727060364434,-21.78755332061249,-0.5016525204961084
-17.211541439964584,-17.166237872430244,-17.188889656197414,-0.04530356753434006
-16.009565444835314,-16.217727927425848,-16.11364668613058,0.20816248259053438
-17.80754786241184,-17.85494240883085,-17.831245135621344,0.0473945464190102
-15.25823028889905,-15.2117512064883,-15.234990747693676,-0.04647908241074994
-15.886927202368437,-16.58980682748616,-16.2383670149273,0.7028796251177241
-14.997232826866519,-15.070340263421329,-15.033786545143924,0.07310743655481033
-17.581055983186225,-17.710092349242238,-17.64557416621423,0.1290363660560132
-15.613157713153226,-15.541555949237289,-15.577356831195257,-0.07160176391593787
-17.78269660012284,-17.451416732236673,-17.617056666179757,-0.3312798678861668
-16.685423309889252,-16.927819415163423,-16.806621362526336,0.242396105274171
-17.00816381661915,-16.991325231990164,-16.999744524304656,-0.01683858462898513
-16.79532016193876,-16.872695960194534,-16.834008061066648,0.07737579825577257
-16.061970980008415,-16.09765070468717,-16.07981084234779,0.035679724678754354
-15.753447051909538,-15.660998485993197,-15.707222768951368,-0.09244856591634054
-15.778398301519612,-15.614786099065356,-15.696592200292484,-0.16361220245425656
-18.37610267192907,-18.73731104258546,-18.556706857257264,0.3612083706563922
-16.16746134370911,-16.138911082198263,-16.153186212953685,-0.02855026151084772
-16.548015970721597,-16.54049745907625,-16.54425671489892,-0.007518511645347559
-18.132216789887803,-17.947734570530272,-18.03997568020904,-0.1844822193575304
-15.395853915244587,-15.382217188454868,-15.389035551849727,-0.013636726789718168
-18.971854815855107,-18.858237851007402,-18.915046333431256,-0.11361696484770434
-18.22034699040151,-18.445973831155264,-18.333160410778387,0.22562684075375472
-16.45253407052112,-16.58313827162944,-16.51783617107528,0.13060420110831927
-15.785671688860386,-15.692948379760509,-15.739310034310448,-0.09272330909987758
-15.751005845841249,-15.607368539162664,-15.679187192501956,-0.14363730667858476
-15.357876223080291,-15.268261202848604,-15.313068712964448,-0.08961502023168677
-15.31664124531567,-15.256358051952258,-15.286499648633963,-0.06028319336341248
-15.60143506237395,-15.521263083914821,-15.561349073144385,-0.08017197845912882
-16.188477405303047,-16.143156020934427,-16.165816713118737,-0.04532138436861999
-16.12532150395079,-16.104402921006333,-16.114862212478563,-0.020918582944457143
-15.445447769884282,-15.38803876716728,-15.416743268525781,-0.057409002717001556
-16.238398647922466,-16.061813447800706,-16.150106047861584,-0.17658520012176027
-17.192818559802966,-17.55402763448179,-17.37342309714238,0.36120907467882546
-15.829712506212823,-15.74740804048172,-15.788560273347272,-0.08230446573110406
-16.562403271670764,-16.597270459177714,-16.57983686542424,0.034867187506950614
-17.169359548081484,-17.205479738043003,-17.187419643062242,0.03612018996151889
-17.411884977769706,-17.358191406973287,-17.385038192371496,-0.05369357079641901
-20.132152187170654,-20.109091475757474,-20.120621831464064,-0.02306071141318
-20.046076672779307,-20.428773142410222,-20.237424907594765,0.38269646963091475
-15.065799149264201,-15.057044550767896,-15.06142185001605,-0.008754598496304666
-15.01568717389368,-14.90912669337078,-14.96240693363223,-0.10656048052289968
-18.3413462903529,-18.704079264888627,-18.52271277762076,0.36273297453572795
-16.508077665726063,-16.550584762190038,-16.529331213958052,0.0425070964639751
-21.353756694019253,-21.561071877108773,-21.457414285564013,0.2073151830895199
-16.24179045866538,-16.091145815912625,-16.166468137289,-0.1506446427527557
-19.865990722846924,-19.680013825832923,-19.773002274339923,-0.185976897014001
-16.23005101910093,-16.204903436209747,-16.217477227655337,-0.025147582891182907
-14.761308812203232,-14.699934154215672,-14.730621483209452,-0.061374657987560255
-17.31838022869856,-17.2797113301265,-17.29904577941253,-0.03866889857206246
-20.203615151683273,-20.273486813429813,-20.238550982556543,0.06987166174653936
-15.555186563398843,-15.584911356851348,-15.570048960125096,0.029724793452505338
-14.721571614133849,-14.665810733786167,-14.693691173960008,-0.05576088034768212
-17.25101495862597,-17.208693357664306,-17.229854158145137,-0.04232160096166382
-17.304202247776782,-17.245581658193935,-17.274891952985357,-0.05862058958284777
-19.060893178440168,-19.992227105465,-19.526560141952583,0.9313339270248306
-18.38656769621904,-18.561360472569973,-18.473964084394506,0.17479277635093382
-19.54322271713611,-19.289244186736394,-19.41623345193625,-0.2539785303997171
-16.4598207776569,-16.576452780168957,-16.51813677891293,0.11663200251205552
-17.173646821398385,-16.918988039505766,-17.046317430452078,-0.25465878189261915
-18.21720611943499,-18.230540811629233,-18.22387346553211,0.013334692194241882
-15.926321954339414,-15.776152527425804,-15.85123724088261,-0.15016942691361024
-20.50095778722913,-20.572226525040413,-20.536592156134773,0.07126873781128396
-17.552468357872204,-17.404968094780767,-17.478718226326485,-0.1475002630914375
-14.26401253967325,-14.197954640818754,-14.230983590246002,-0.06605789885449553
-16.700187566162683,-16.42757360157462,-16.563880583868652,-0.2726139645880643
-15.282663500248548,-15.32806088520405,-15.3053621927263,0.04539738495550161
-17.75032848928742,-17.583299296064027,-17.666813892675723,-0.16702919322339227
-16.87239344528296,-16.664255731218905,-16.768324588250934,-0.2081377140640548
-16.74351129700024,-16.806492919579092,-16.775002108289666,0.06298162257885309
-17.783345808742876,-17.795118035771747,-17.78923192225731,0.01177222702887093
-15.395808285247186,-15.435691861715476,-15.41575007348133,0.03988357646828966
-17.008351795805197,-16.92186849760269,-16.965110146703942,-0.08648329820250567
-16.431771125542518,-16.466300694398143,-16.44903590997033,0.03452956885562486
-15.169650769710259,-15.183587715954612,-15.176619242832436,0.013936946244353265
-16.95933929922101,-16.68721148215882,-16.823275390689915,-0.27212781706219147
-19.321978176116826,-19.025622608180228,-19.17380039214853,-0.29635556793659745
-16.42019286241178,-16.446029119224246,-16.433110990818015,0.025836256812464597
-14.659924114957636,-14.658754031885671,-14.659339073421654,-0.001170083071965422
-15.798647673700515,-15.734127021089662,-15.766387347395089,-0.06452065261085238
-16.868722156799844,-16.803115648169836,-16.835918902484842,-0.06560650863000816
-14.276275928482663,-14.243291078937585,-14.259783503710125,-0.03298484954507863
-15.192672528392533,-15.315435243661808,-15.25405388602717,0.12276271526927474
-17.704803616017255,-17.427717715028443,-17.566260665522847,-0.27708590098881203
-18.06493056710171,-18.268622938083055,-18.166776752592384,0.20369237098134363
-18.366383274032245,-18.154227441262396,-18.26030535764732,-0.21215583276984873
-16.776222146394968,-16.80522753793889,-16.79072484216693,0.029005391543922343
-19.107799624505937,-18.983465468045786,-19.04563254627586,-0.12433415646015078
-16.685216893803815,-16.52268321336128,-16.603950053582547,-0.1625336804425359
-17.751589346016353,-17.96681181482424,-17.859200580420296,0.21522246880788742
-15.405388938554955,-15.381917438173996,-15.393653188364475,-0.023471500380958688
-16.42789182352196,-16.667018499337793,-16.547455161429877,0.23912667581583236
-17.244202657037107,-17.143269699348124,-17.193736178192616,-0.10093295768898258
-15.64206469019043,-15.455695513362151,-15.548880101776291,-0.18636917682827914
-14.556290584885735,-14.407966482145133,-14.482128533515434,-0.14832410274060237
-18.876274930790544,-18.79647899141522,-18.836376961102882,-0.07979593937532314
-16.468362912606796,-16.34509519628755,-16.406729054447172,-0.12326771631924771
-17.621466106648928,-18.450718338631095,-18.03609222264001,0.8292522319821671
-16.024370116111918,-15.955922855886723,-15.99014648599932,-0.0684472602251951
-15.240701071233435,-15.206705518584325,-15.22370329490888,-0.033995552649109584
-19.390236831509306,-19.502609539616074,-19.44642318556269,0.11237270810676847
-15.183338218255779,-15.166300678702274,-15.174819448479028,-0.01703753955350429
-17.06636288346176,-17.201326102715722,-17.13384449308874,0.1349632192539616
-18.180389647559213,-18.037802967790377,-18.109096307674797,-0.14258667976883643
-16.216104336439376,-16.12838709760144,-16.17224571702041,-0.0877172388379357
-17.8652945824305,-18.02342133964534,-17.94435796103792,0.1581267572148377
-15.010939552531527,-14.777263116373216,-14.894101334452372,-0.23367643615831035
-15.94706910133961,-15.789390073379847,-15.868229587359728,-0.1576790279597624
-17.46604969585351,-17.09458941747689,-17.280319556665198,-0.3714602783766203
-19.89315287152916,-19.31945715681845,-19.606305014173806,-0.5736957147107091
-18.267015862912256,-18.208631650310437,-18.23782375661135,-0.05838421260181903
-15.031947475561605,-14.970951836701598,-15.001449656131602,-0.06099563886000681
-15.046521812982782,-15.010614561262994,-15.028568187122888,-0.035907251719788036
-16.41597910411202,-16.263697637165457,-16.339838370638738,-0.15228146694656175
-16.069583571537024,-16.080530045608675,-16.07505680857285,0.010946474071651835
-17.793165420486908,-17.78512641098036,-17.789145915733634,-0.00803900950654679
-14.814716497260404,-14.646699660248569,-14.730708078754486,-0.16801683701183556
-16.05953479998537,-16.150879803890614,-16.105207301937995,0.0913450039052428
-16.311396094723023,-16.28002499335454,-16.295710544038783,-0.031371101368481646
-20.373084246574457,-20.054059891279262,-20.213572068926858,-0.3190243552951948
-17.881111928938683,-17.899669763097705,-17.890390846018192,0.018557834159022235
-17.503182722459727,-17.326268848771274,-17.414725785615502,-0.17691387368845213
-16.826500353210722,-16.849450521373303,-16.837975437292013,0.022950168162580553
-15.48659879256574,-15.438318693686123,-15.462458743125932,-0.048280098879617483
-14.768391030375982,-14.493713735721292,-14.631052383048637,-0.2746772946546905
-15.87131966585468,-15.847418048453946,-15.859368857154312,-0.0239016174007336
-14.39348474319755,-14.406469264583386,-14.399977003890468,0.01298452138583528
-16.11987115343795,-15.929515059895238,-16.024693106666593,-0.19035609354271088
-18.86361181526525,-18.929421783604727,-18.89651679943499,0.06580996833947594
-14.9710049727148,-14.765161189099771,-14.868083080907287,-0.20584378361502864
-17.01576490903075,-17.372077196187625,-17.193921052609188,0.35631228715687513
-15.996328542306983,-16.083102041553996,-16.03971529193049,0.08677349924701261
-15.046780726439327,-14.93132658116475,-14.989053653802038,-0.11545414527457609
-23.231737630801696,-22.35154395484797,-22.791640792824833,-0.880193675953727
-17.187043132459657,-17.217423288982673,-17.202233210721165,0.030380156523015955
-19.832846662814323,-19.869690737608778,-19.85126870021155,0.036844074794455395
-18.326312564723647,-18.164716496816105,-18.245514530769874,-0.1615960679075421
-16.783119820822474,-16.733773707215327,-16.7584467640189,-0.04934611360714669
-20.964797646154054,-21.069844132407304,-21.01732088928068,0.10504648625325075
-18.047783398482423,-17.63017082403171,-17.838977111257066,-0.41761257445071465
-19.94396130753442,-20.202324443147262,-20.073142875340842,0.25836313561284285
-16.73951432124623,-16.59348994772376,-16.666502134484993,-0.14602437352246866
-16.908070632594285,-16.793362189207457,-16.850716410900873,-0.11470844338682795
-17.35890433281018,-17.28773117567519,-17.323317754242687,-0.0711731571349894
-16.74276934352264,-16.485686318781827,-16.614227831152235,-0.2570830247408118
-16.658533215874037,-16.41565415019757,-16.537093683035806,-0.24287906567646544
-20.786182244363406,-20.645476512788022,-20.715829378575712,-0.1407057315753839
-17.307728973280515,-17.156191337105103,-17.23196015519281,-0.15153763617541216
-18.203040832463035,-18.187887106929608,-18.19546396969632,-0.015153725533426865
-16.675125576946353,-16.508681423803765,-16.59190350037506,-0.16644415314258865
-17.781403683046182,-17.849253576890845,-17.815328629968512,0.067849893844663
-18.165832264769424,-18.317225302719628,-18.241528783744528,0.15139303795020354
-16.26481094761575,-16.299515503262462,-16.282163225439106,0.034704555646712265
-18.404910745599835,-18.076585994248106,-18.24074836992397,-0.32832475135172956
-16.95110104916528,-16.92194464503071,-16.936522847097997,-0.029156404134571545
-15.818201177283873,-15.735205394929721,-15.776703286106798,-0.08299578235415161
-18.002392750331445,-17.941163447915507,-17.971778099123476,-0.06122930241593849
-16.461966848500822,-16.381198635365312,-16.421582741933065,-0.08076821313551008
-21.328482395706548,-21.218835351577788,-21.27365887364217,-0.10964704412876003
-18.982384863302183,-19.312532703496544,-19.147458783399365,0.3301478401943605
-16.195669871831413,-16.246574525649848,-16.22112219874063,0.05090465381843501
-17.438867427511234,-17.351006063388425,-17.39493674544983,-0.08786136412280854
-16.956835953710847,-16.942190314944664,-16.949513134327756,-0.014645638766182856
-16.92899716654585,-16.856931651035545,-16.892964408790696,-0.07206551551030671
-16.157261204395677,-16.06640769746498,-16.11183445093033,-0.09085350693069572
-17.026546165803232,-16.50777197572735,-16.76715907076529,-0.5187741900758809
-16.33779398295859,-16.29264629348667,-16.315220138222628,-0.04514768947192138
-18.146610041456956,-18.10216181227542,-18.12438592686619,-0.0444482291815369
-17.692619906893462,-17.506256050305744,-17.599437978599603,-0.18636385658771815
-16.779818389246902,-16.47805377845236,-16.62893608384963,-0.3017646107945424
-18.97683771564969,-19.148310159690904,-19.062573937670297,0.1714724440412141
-16.509290991297387,-16.399999265395913,-16.454645128346648,-0.10929172590147473
-15.844131855915041,-15.593556335366033,-15.718844095640538,-0.2505755205490079
-21.1386103301874,-20.906269541603926,-21.02243993589566,-0.23234078858347473
-16.93705202876429,-16.928014845750464,-16.932533437257376,-0.009037183013823835
-16.495226180116045,-16.5321562374422,-16.51369120877912,0.036930057326156174
-17.84455752319555,-17.944296800507605,-17.894427161851578,0.09973927731205379
-16.957619461121233,-16.866863130466733,-16.912241295793983,-0.09075633065450006
-18.310194604656264,-18.12568004845826,-18.217937326557262,-0.18451455619800328
-17.288797077605174,-17.204797994139795,-17.246797535872485,-0.08399908346537899
-20.066048737822904,-19.56378800596407,-19.814918371893487,-0.5022607318588328
-16.452057263925735,-16.383401633581578,-16.417729448753654,-0.068655630344157
-16.064194241606888,-15.963738405760038,-16.013966323683462,-0.1004558358468497
-17.656763982841742,-17.676416527555727,-17.666590255198734,0.01965254471398481
-16.68974296027641,-16.605557013118847,-16.64764998669763,-0.084185947157561
-15.263957835131183,-15.105703782569925,-15.184830808850554,-0.1582540525612579
-16.479135240149503,-16.335755338934753,-16.407445289542128,-0.1433799012147503
-17.423848413781528,-17.285159849212228,-17.354504131496878,-0.1386885645692999
-16.329638844775783,-16.340759377973406,-16.335199111374592,0.011120533197622962
-18.582096890701465,-18.557559211426657,-18.56982805106406,-0.024537679274807545
-16.843623195547806,-16.692338811679527,-16.767981003613667,-0.1512843838682798
-18.5267698559839,-18.537706250392738,-18.53223805318832,0.010936394408837202
-17.71274012778932,-17.70757210583134,-17.71015611681033,-0.0051680219579814946
-16.91160617935201,-16.75202601159824,-16.831816095475126,-0.15958016775377004
-16.000867083256427,-15.713372130694705,-15.857119606975566,-0.2874949525617225
-17.297876094911377,-17.323170144820914,-17.310523119866147,0.025294049909536653
-16.72682065358575,-16.745436392052213,-16.73612852281898,0.018615738466461806
-15.630404882511606,-15.693676820517188,-15.662040851514398,0.06327193800558284
-18.505466807316374,-18.817649450531334,-18.661558128923854,0.31218264321496036
-18.401177338314845,-18.61509107044134,-18.508134204378095,0.21391373212649611
-16.747519135456784,-16.54385797762721,-16.645688556541998,-0.2036611578295755
-16.674110294856508,-16.588802133373463,-16.631456214114984,-0.0853081614830451
-16.317497905899323,-16.183522369129832,-16.250510137514578,-0.1339755367694906
-15.48085204114248,-15.423078524677344,-15.451965282909912,-0.05777351646513651
-16.600548677985593,-16.53551172393837,-16.56803020096198,-0.06503695404722265
-17.751348162175383,-17.490081972444322,-17.620715067309852,-0.2612661897310602
-15.49974584097221,-15.364627002178029,-15.43218642157512,-0.13511883879418107
-16.052622103534727,-15.94966954369121,-16.00114582361297,-0.10295255984351748
-15.114738295322672,-15.032247315704156,-15.073492805513414,-0.08249097961851604
-18.827791875466556,-19.946760232673604,-19.387276054070078,1.1189683572070486
-16.564910103423294,-16.679891982542337,-16.622401042982816,0.11498187911904267
-25.198335873447675,-24.09456948733786,-24.64645268039277,-1.1037663861098146
-16.699115237470732,-16.513524045268042,-16.60631964136939,-0.18559119220268983
-17.45760006373489,-17.457133654332146,-17.45736685903352,-0.0004664094027440058
-17.563133062203455,-17.54591936126173,-17.554526211732593,-0.01721370094172414
-17.373067571902272,-17.29950129223461,-17.33628443206844,-0.07356627966766283
-17.821653281823114,-17.470962827205113,-17.646308054514115,-0.3506904546180003
-18.682742843359016,-18.702960549818805,-18.69285169658891,0.020217706459789042
-16.50478554844755,-16.505511075206567,-16.505148311827057,0.0007255267590160486
-18.939693804002363,-18.722097939329565,-18.830895871665966,-0.21759586467279846
-17.661193278754077,-17.71942910242514,-17.690311190589608,0.05823582367106184
-17.9309498134166,-17.71390297985006,-17.822426396633333,-0.2170468335665383
-17.679550507794456,-17.743224871605904,-17.71138768970018,0.06367436381144742
-17.936604979582786,-18.178488906482325,-18.057546943032555,0.24188392689953986
-17.416970927711233,-17.419762562484983,-17.41836674509811,0.002791634773750218
-16.105838924739434,-16.181038031495326,-16.143438478117382,0.07519910675589259
-16.721050905972653,-16.731947836793378,-16.726499371383014,0.010896930820724293
-16.38001214003943,-16.27930051661834,-16.329656328328884,-0.10071162342109119
-17.10373626054487,-17.249723163507447,-17.17672971202616,0.14598690296257644
-17.03916898029053,-16.823553050480157,-16.93136101538534,-0.21561592981037236
-17.15865769050663,-17.134663987047627,-17.14666083877713,-0.02399370345900209
-18.42255334266117,-18.23117194499212,-18.326862643826644,-0.19138139766905127
-16.15769098890101,-16.3066788200136,-16.232184904457306,0.14898783111259206
-16.721256223922506,-16.88142036347523,-16.80133829369887,0.16016413955272313
-17.523134360169337,-17.499567926786767,-17.511351143478052,-0.023566433382569585
-16.204300441281994,-16.147521987288858,-16.175911214285428,-0.05677845399313597
-14.884340508908169,-14.798652675018221,-14.841496591963196,-0.08568783388994738
-17.34349788096282,-17.42521985372584,-17.38435886734433,0.08172197276302029
-18.55104419665595,-18.5593603713141,-18.555202283985025,0.008316174658148157
-17.387427423821613,-17.32738012790716,-17.357403775864384,-0.06004729591445468
-16.9050437429146,-16.90137087255681,-16.903207307735705,-0.003672870357789293
-18.600360900834147,-18.87265558606159,-18.73650824344787,0.27229468522744327
-17.217533252809925,-17.006259696431464,-17.111896474620693,-0.2112735563784618
-15.511017198561898,-15.410583451547996,-15.460800325054947,-0.10043374701390206
-15.741914325498694,-15.73495026490644,-15.738432295202568,-0.006964060592254739
-18.026872382222372,-17.994582992569917,-18.010727687396145,-0.03228938965245476
-21.64841450121311,-21.517346077131336,-21.582880289172223,-0.131068424081775
-16.712868279899475,-16.711943334575764,-16.71240580723762,-0.0009249453237103467
-15.453921048932525,-15.393818897688977,-15.423869973310751,-0.06010215124354801
-15.870363783440762,-15.88440608368731,-15.877384933564036,0.014042300246547512
-18.257152239148102,-18.43977372818528,-18.348462983666693,0.182621489037178
-16.238435726596766,-16.154788810893763,-16.196612268745262,-0.08364691570300309
-15.711829708609836,-15.65578629159235,-15.683808000101092,-0.05604341701748616
-15.36670021340658,-15.46030661542839,-15.413503414417484,0.09360640202181081
-16.73961762455979,-16.833307844196007,-16.7864627343779,0.09369021963621549
-17.40260073559074,-17.258160466490974,-17.330380601040858,-0.1444402690997677
-16.027222229975365,-16.43137796370669,-16.22930009684103,0.40415573373132574
-16.518980863993303,-16.398507070698827,-16.458743967346066,-0.12047379329447594
-14.556164412292286,-14.411151725171067,-14.483658068731676,-0.14501268712121984
-14.608208716769761,-14.516997980764259,-14.56260334876701,-0.09121073600550211
-18.015304147339464,-18.254713805317536,-18.1350089763285,0.23940965797807223
-16.208865542402147,-16.322452140314457,-16.265658841358302,0.11358659791230963
-16.646947807459515,-16.758999334865905,-16.70297357116271,0.1120515274063898
-15.371787561587118,-15.329180988205245,-15.350484274896182,-0.04260657338187279
-19.010945872254343,-18.786855517459067,-18.898900694856707,-0.22409035479527617
-18.597998621369506,-18.251726563415243,-18.424862592392373,-0.34627205795426264
-15.42073068105683,-15.54811365813193,-15.48442216959438,0.1273829770751007
-15.357466321265589,-15.17914395463011,-15.268305137947848,-0.17832236663547896
-16.235903964685413,-16.255169607730906,-16.24553678620816,0.019265643045493164
-15.905347227067267,-15.852092860478532,-15.8787200437729,-0.05325436658873528
-16.23681914206193,-16.222696896523583,-16.229758019292756,-0.014122245538345624
-16.384101116097508,-16.42511673767036,-16.404608926883935,0.04101562157285343
-15.73012962256797,-15.615376101328131,-15.672752861948052,-0.11475352123983917
-15.674578473793202,-16.027554021167,-15.851066247480102,0.35297554737379677
-15.595434619829048,-15.672845810877625,-15.634140215353337,0.07741119104857752
-15.704502211153445,-16.04763695226396,-15.876069581708702,0.3431347411105161
-17.973149034617485,-17.930384870588377,-17.95176695260293,-0.04276416402910854
-15.242282026106949,-15.284643950268567,-15.263462988187758,0.04236192416161799
-15.748481599260684,-15.68371864666323,-15.716100122961958,-0.06476295259745335
-15.383859447279468,-15.46000574540879,-15.421932596344128,0.07614629812932172
-17.857806557297735,-17.522407620338193,-17.690107088817964,-0.3353989369595425
-17.772427870170436,-17.530253748959765,-17.6513408095651,-0.24217412121067028
-16.41883459902142,-16.36811749158918,-16.3934760453053,-0.050717107432237896
-14.876856661270669,-14.942112502246282,-14.909484581758475,0.06525584097561321
-15.264906584715488,-15.23861074508825,-15.25175866490187,-0.026295839627238138
-17.828903643112444,-17.849984577820656,-17.83944411046655,0.021080934708212595
-16.59801937674951,-16.67663050460307,-16.63732494067629,0.07861112785356283
-15.067186815503586,-15.080559730303133,-15.07387327290336,0.01337291479954672
-14.709183367466702,-14.540516238192527,-14.624849802829615,-0.1686671292741746
-17.75044695537289,-17.87636224152952,-17.813404598451207,0.12591528615662995
-16.99754575377343,-16.87423027606843,-16.93588801492093,-0.12331547770499895
-16.89525948003935,-16.905218759286633,-16.90023911966299,0.009959279247283348
-15.5833247577631,-15.420511072313452,-15.501917915038277,-0.16281368544964714
-18.143396114342707,-17.986718771424457,-18.06505744288358,-0.15667734291825042
-21.098323688402747,-20.606681709671644,-20.852502699037196,-0.4916419787311028
-14.72219259269206,-14.820382151192899,-14.77128737194248,0.0981895585008381
-17.661183067232646,-17.71440692677844,-17.687794997005543,0.05322385954579545
-15.963829799267799,-15.872714407028678,-15.918272103148238,-0.09111539223912146
-17.564168516747205,-17.549129304860067,-17.556648910803638,-0.015039211887138748
-16.76342010019143,-16.67283275189112,-16.718126426041273,-0.09058734830030701
-16.79004596061386,-16.673675337281065,-16.73186064894746,-0.11637062333279502
-16.38637059596191,-15.851485709996727,-16.11892815297932,-0.5348848859651838
-16.543042427661334,-16.401442267670504,-16.47224234766592,-0.14160015999082987
-16.858128215438995,-16.929327447727115,-16.893727831583057,0.07119923228811942
-15.465401194681093,-15.330432041721224,-15.397916618201158,-0.13496915295986867
-16.41850456425216,-16.378764134151282,-16.39863434920172,-0.03974043010087769
-15.696104507969542,-15.591256056753078,-15.64368028236131,-0.1048484512164638
-15.817258737734905,-15.907728754262276,-15.862493745998592,0.0904700165273713
-17.331374789657364,-17.267662229415457,-17.299518509536412,-0.06371256024190686
-16.738392959100977,-16.661594304306448,-16.699993631703713,-0.07679865479452985
-16.871874627639404,-16.78783088865699,-16.8298527581482,-0.08404373898241246
-16.182147308924684,-16.21522127429172,-16.198684291608203,0.03307396536703777
-18.564645707897473,-18.726589952635983,-18.64561783026673,0.16194424473851043
-21.16739799207912,-21.215542589459247,-21.191470290769182,0.04814459738012644
-17.357933779059465,-17.297558745938336,-17.3277462624989,-0.06037503312112946
-15.196567408608715,-15.2591802141656,-15.227873811387157,0.06261280555688487
-15.93910335164438,-15.948357552074443,-15.943730451859413,0.009254200430062198
-19.8381793195618,-19.371638459415923,-19.60490888948886,-0.4665408601458765
-17.357442783128487,-17.31425461940118,-17.335848701264833,-0.04318816372730794
-16.56345884764271,-16.221488468031872,-16.392473657837293,-0.34197037961083865
-20.015326370764523,-19.55569186038465,-19.785509115574584,-0.4596345103798747
-16.811527084331217,-16.665742686160506,-16.73863488524586,-0.14578439817071143
-15.206789089681735,-15.10130354051235,-15.154046315097041,-0.10548554916938535
-16.860683755823064,-16.83426640425493,-16.847475080038997,-0.02641735156813496
-14.694417543501816,-14.608017919588548,-14.65121773154518,-0.08639962391326783
-15.76468062247217,-15.64562568458022,-15.705153153526195,-0.11905493789194921
-17.318428981844463,-17.190447499888325,-17.254438240866392,-0.12798148195613734
-20.99011127985199,-21.588503234321077,-21.289307257086534,0.5983919544690863
-16.51265300046582,-16.2598987096125,-16.38627585503916,-0.25275429085332135
-15.035987996984577,-14.878270544135031,-14.957129270559804,-0.1577174528495462
-17.810194665296525,-18.01663916326874,-17.91341691428263,0.20644449797221398
-16.842485948488203,-16.65709091942187,-16.749788433955036,-0.18539502906633487
-15.91529633040728,-15.799908544156295,-15.857602437281788,-0.11538778625098445
-14.24248339610406,-14.249686950464447,-14.246085173284254,0.007203554360387443
-16.492211619778562,-16.34031413404405,-16.416262876911304,-0.15189748573451212
-15.598375814971496,-15.624207905789536,-15.611291860380515,0.0258320908180405
-17.62550247302331,-17.747253085186276,-17.686377779104795,0.12175061216296612
-16.96549832659038,-16.961733522863284,-16.96361592472683,-0.003764803727097643
-17.61811152925809,-17.351578960703517,-17.484845244980804,-0.26653256855457386
-16.82391818381404,-16.84136161043625,-16.832639897125144,0.01744342662220788
-18.318531245408504,-18.371474264737763,-18.345002755073132,0.052943019329259045
-18.025193034190245,-18.01868957906634,-18.021941306628293,-0.006503455123905155
-16.530752658652954,-16.50100770993263,-16.51588018429279,-0.029744948720324516
-16.614784433997393,-16.370894017863833,-16.492839225930613,-0.24389041613356
-20.788327594233966,-21.180649406191634,-20.984488500212798,0.39232181195766813
-15.940023188628315,-16.06585449986669,-16.002938844247502,0.12583131123837354
-16.528243837195642,-16.34449534242853,-16.436369589812088,-0.1837484947671122
-19.417452473815224,-19.179221495448644,-19.298336984631934,-0.23823097836658036
-15.982477019781804,-15.950500718250051,-15.966488869015928,-0.03197630153175268
-16.031824955571185,-16.043638088161515,-16.03773152186635,0.0118131325903299
-18.184430776969165,-17.861763001989733,-18.023096889479447,-0.32266777497943266
-15.393358369463074,-15.36141489674581,-15.377386633104443,-0.0319434727172645
-16.123231003273293,-16.159111339763353,-16.141171171518323,0.035880336490059506
-17.12140530640206,-17.057105365760133,-17.089255336081095,-0.06429994064192712
-16.098513342754444,-16.268823858814073,-16.18366860078426,0.17031051605962944
-15.526937716941372,-15.360462355070577,-15.443700036005975,-0.1664753618707948
-16.189763928921735,-16.034181460788446,-16.11197269485509,-0.15558246813328935
-16.050022246313446,-15.994963295209082,-16.022492770761264,-0.055058951104363985
-20.330326672549116,-19.873809705828975,-20.102068189189048,-0.45651696672014097
-17.81198604384727,-18.043100548208436,-17.927543296027853,0.23111450436116598
-14.92611564247592,-14.876583549308013,-14.901349595891967,-0.04953209316790819
-19.196403067771662,-19.179783756310073,-19.188093412040867,-0.016619311461589348
-20.09504683847511,-20.030360335873382,-20.062703587174248,-0.06468650260172737
-20.931412039718904,-21.039978513190157,-20.98569527645453,0.10856647347125303
-17.350593378687417,-17.28161083127626,-17.316102104981837,-0.0689825474111565
-16.98657366391918,-16.784154520511635,-16.885364092215408,-0.2024191434075462
-18.73038785507079,-18.665506496134682,-18.697947175602735,-0.06488135893610902
-20.702384805720783,-21.084897034640946,-20.893640920180864,0.382512228920163
-16.990758215106837,-17.100129074002595,-17.045443644554716,0.10937085889575826
-21.039574568758077,-20.65112227471589,-20.845348421736983,-0.38845229404218884
-16.597008909672642,-16.4840640881485,-16.54053649891057,-0.11294482152414176
-18.555855422319976,-18.480263930005556,-18.518059676162764,-0.07559149231441964
-19.709111242971492,-19.70795074405015,-19.70853099351082,-0.0011604989213402916
-18.055635222098,-18.33388285305231,-18.194759037575153,0.2782476309543078
-17.835002799681135,-17.671405215490047,-17.75320400758559,-0.16359758419108772
-18.738363060234267,-18.984320374817976,-18.861341717526123,0.24595731458370906
-19.18177654728096,-19.05872882391875,-19.120252685599855,-0.12304772336221248
-21.07394581421632,-20.515416135396105,-20.794680974806212,-0.5585296788202143
-17.94084295963542,-17.90363397290681,-17.922238466271118,-0.03720898672861139
-19.906819455723458,-19.75990035840562,-19.83335990706454,-0.1469190973178378
-16.675804356266035,-16.63506084070378,-16.655432598484907,-0.040743515562255084
-19.192600452818123,-19.06026397767483,-19.126432215246474,-0.13233647514329405
-18.105343908955252,-18.141282041783512,-18.12331297536938,0.035938132828260194
-19.19197071685789,-19.384942665756405,-19.288456691307147,0.19297194889851355
-18.60799150935197,-18.543549140787768,-18.57577032506987,-0.06444236856420105
-18.651951242448288,-18.547568116559393,-18.59975967950384,-0.10438312588889431
-17.522139715884688,-17.961612420284908,-17.7418760680848,0.43947270440022024
-16.818541484613306,-16.733396371674175,-16.77596892814374,-0.08514511293913074
-19.398480188672604,-19.097378808589617,-19.24792949863111,-0.3011013800829865
-17.221370957900852,-17.193870244889645,-17.20762060139525,-0.027500713011207267
-17.30070947375299,-17.457906999134227,-17.379308236443606,0.157197525381239
-18.40943807558903,-18.37711851549919,-18.39327829554411,-0.03231956008983872
-18.208898769358026,-18.138228961505696,-18.17356386543186,-0.07066980785232957
-17.462178240683198,-17.527238935157904,-17.49470858792055,0.06506069447470608
-16.45017391794288,-16.338920469746093,-16.394547193844488,-0.11125344819678773
-19.713296200720432,-19.440802306559576,-19.577049253640006,-0.27249389416085634
-16.530892373207596,-16.551087147293188,-16.54098976025039,0.020194774085592115
-16.73776385332306,-16.771779316234504,-16.75477158477878,0.034015462911444416
-17.407294567870036,-17.410379857797793,-17.408837212833916,0.003085289927756918
-16.90947645471428,-16.77327589537507,-16.841376175044672,-0.13620055933921194
-17.58650091001754,-17.523610241229314,-17.555055575623427,-0.0628906687882278
-18.451433978757013,-18.42478037580382,-18.438107177280415,-0.026653602953192745
-15.682804763901347,-15.776303975895186,-15.729554369898267,0.09349921199383893
-17.873911990719073,-17.928636957121324,-17.901274473920196,0.054724966402250885
-18.756503147660204,-18.583886673712122,-18.670194910686163,-0.17261647394808222
-18.221217964703452,-18.286587887148823,-18.253902925926138,0.06536992244537032
-18.647723436352816,-18.67182886279212,-18.659776149572465,0.024105426439302136
-16.2738034869871,-16.068340325358456,-16.171071906172777,-0.20546316162864287
-17.740474385072943,-17.588867046792068,-17.664670715932505,-0.15160733828087558
-18.017263003991218,-17.810917217757083,-17.91409011087415,-0.20634578623413447
-17.045432775774646,-17.034037665848494,-17.039735220811572,-0.011395109926152003
-16.556017701870832,-16.544625730312386,-16.55032171609161,-0.011391971558445846
-20.16922668133949,-20.67544712055897,-20.422336900949233,0.5062204392194793
-18.894077919463182,-18.824251320737794,-18.859164620100486,-0.06982659872538832
-20.990637779681027,-20.928203402881714,-20.959420591281372,-0.062434376799313185
-16.703765562367927,-16.54393571285017,-16.62385063760905,-0.15982984951775592
-16.821140592939376,-16.853406344483837,-16.837273468711608,0.032265751544461097
-18.517166993827704,-18.572731650961845,-18.544949322394775,0.05556465713414127
-17.13227084418134,-17.092364672808856,-17.112317758495095,-0.039906171372482646
-17.351091987803226,-17.204665278586326,-17.277878633194774,-0.14642670921690026
-19.216471760404193,-19.150352580035104,-19.183412170219647,-0.06611918036908904
-19.717367779060154,-19.8001988111613,-19.758783295110728,0.08283103210114717
-19.05106800025143,-18.863222388575874,-18.957145194413652,-0.1878456116755558
-16.624553188378297,-16.61985115955065,-16.622202173964475,-0.004702028827647808
-19.76437748080894,-19.81394858658447,-19.789163033696703,0.04957110577553081
-18.09462580502788,-18.119802657101484,-18.10721423106468,0.025176852073602873
-19.956266975148726,-19.464619618359364,-19.710443296754043,-0.4916473567893611
-18.093358685028896,-18.31042298333324,-18.201890834181068,0.2170642983043436
-16.88694721833187,-16.57906115836053,-16.7330041883462,-0.307886059971338
-18.234208883126097,-18.337269911596287,-18.28573939736119,0.10306102847019005
-17.313305134256016,-17.372406149578456,-17.342855641917236,0.059101015322440276
-16.279031980439935,-16.159452240205002,-16.21924211032247,-0.11957974023493279
-18.712419742839455,-18.64287628479611,-18.67764801381778,-0.06954345804334494
-16.11135780986403,-16.02807707286979,-16.06971744136691,-0.0832807369942401
-19.629025724482076,-19.158711110111973,-19.393868417297025,-0.47031461437010336
-17.843009292449953,-17.774735656436206,-17.808872474443078,-0.06827363601374614
-16.81588807685631,-16.706125380968544,-16.761006728912427,-0.10976269588776688
-18.051688913239317,-17.870467582312976,-17.961078247776147,-0.1812213309263413
-17.540699697783047,-17.257637202568645,-17.399168450175846,-0.2830624952144021
-17.647444806769585,-17.501086284206266,-17.574265545487926,-0.14635852256331816
-17.842009272453158,-18.33474353897134,-18.088376405712246,0.4927342665181804
-19.10639938154991,-18.505005074149963,-18.805702227849935,-0.6013943073999464
-17.555836377307937,-17.109207135330234,-17.332521756319085,-0.4466292419777034
-17.895306918053123,-17.908724296444802,-17.902015607248963,0.013417378391679335
-16.4807902989546,-16.29981042740429,-16.390300363179442,-0.18097987155030992
-17.542829718088992,-17.49938937859211,-17.52110954834055,-0.04344033949688253
-16.592229061929398,-16.497349406902778,-16.544789234416086,-0.09487965502662021
-17.250302932255508,-17.169529931261597,-17.20991643175855,-0.08077300099391138
-18.40497310966269,-17.91119394232546,-18.158083525994076,-0.49377916733723026
-17.57415881756509,-17.610463989095273,-17.59231140333018,0.03630517153018431
-17.332942402188397,-17.34216081625797,-17.337551609223183,0.009218414069572134
-15.653794745924637,-15.653100480388254,-15.653447613156445,-0.0006942655363832984
-19.435342166581922,-19.234417907146458,-19.33488003686419,-0.20092425943546388
-16.218650379845084,-16.264456766400748,-16.241553573122914,0.0458063865556646
-17.623693509672798,-17.668759994833433,-17.646226752253114,0.045066485160635494
-17.709291807646444,-17.641880717325137,-17.67558626248579,-0.06741109032130765
-17.343948202391495,-17.51804167220819,-17.430994937299843,0.1740934698166967
-16.781802670782938,-16.733387118504375,-16.757594894643656,-0.04841555227856276
-15.15001583849167,-15.126050818851946,-15.138033328671808,-0.02396501963972497
-16.628955104489837,-16.453756910046106,-16.54135600726797,-0.17519819444373042
-15.623191305709566,-15.644952240350069,-15.634071773029817,0.021760934640502327
-19.258953927125848,-20.117503981624317,-19.688228954375084,0.858550054498469
-15.338997553804694,-15.168760518955395,-15.253879036380045,-0.17023703484929875
-14.53510688552163,-14.57965269965574,-14.557379792588685,0.04454581413411063
-18.355672744222648,-18.347886384111312,-18.351779564166982,-0.007786360111335711
-18.769938965365576,-19.226820973600557,-18.998379969483068,0.45688200823498093
-15.539424331089533,-15.509937882809215,-15.524681106949373,-0.0294864482803181
-16.032236332153115,-15.807515335581819,-15.919875833867467,-0.22472099657129618
-17.305011061858192,-17.034247854166754,-17.169629458012473,-0.2707632076914379
-18.92575402797656,-19.042818192652895,-18.984286110314727,0.11706416467633574
-17.098231847789062,-16.994651830506072,-17.04644183914757,-0.10358001728299016
-16.176604707751682,-16.178717098890232,-16.177660903320955,0.002112391138549441
-16.612444190882208,-16.537146255618026,-16.574795223250117,-0.0752979352641816
-17.248564813707326,-17.565082499063756,-17.40682365638554,0.31651768535643043
-19.55693628609002,-19.403824728153072,-19.480380507121545,-0.15311155793694908
-15.772502909778044,-15.636925944807963,-15.704714427293004,-0.1355769649700811
-15.70083357428717,-15.896079055963401,-15.798456315125286,0.19524548167623124
-19.81812199454517,-19.499916402983274,-19.65901919876422,-0.3182055915618953
-17.22155029885199,-17.212970602888614,-17.217260450870302,-0.008579695963376821
-14.930750436635172,-14.837447023934097,-14.884098730284634,-0.09330341270107567
-16.441080935961846,-16.2490841992539,-16.345082567607875,-0.19199673670794581
-18.238745148028737,-18.34185234126063,-18.290298744644684,0.10310719323189232
-15.21927503471995,-15.297037390063508,-15.258156212391729,0.07776235534355891
-15.196737181906833,-15.247723377500526,-15.22223027970368,0.05098619559369233
-16.599265449776233,-16.66985741598419,-16.63456143288021,0.0705919662079566
-15.503583098315913,-15.635470091089307,-15.569526594702609,0.13188699277339389
-14.00132060160813,-13.920302202641054,-13.960811402124591,-0.08101839896707652
-15.354273989153393,-15.256139797918864,-15.305206893536129,-0.0981341912345286
-15.769430275255583,-15.668246794256614,-15.718838534756099,-0.10118348099896934
-17.117736509738577,-17.058926122207737,-17.088331315973157,-0.05881038753084056
-16.339282095992985,-16.25575105078417,-16.297516573388577,-0.08353104520881516
-16.413431713570795,-16.513307667548393,-16.463369690559595,0.09987595397759819
-15.822900342693195,-15.782356059232395,-15.802628200962795,-0.0405442834608003
-14.181768558947109,-14.04429198880921,-14.11303027387816,-0.13747657013789905
-14.19287344204814,-14.181880094878608,-14.187376768463373,-0.010993347169533152
-16.162793925557775,-16.216302102304446,-16.18954801393111,0.05350817674667141
-15.910262427431162,-15.702084631267656,-15.806173529349408,-0.20817779616350585
-17.67657449120778,-17.545637830735462,-17.611106160971623,-0.13093666047231878
-17.562667420716437,-17.55430944778866,-17.55848843425255,-0.008357972927775847
-15.033022425214895,-15.03382055220003,-15.033421488707463,0.0007981269851349282
-15.109862047054389,-15.033769983114635,-15.071816015084512,-0.07609206393975398
-15.327342200607603,-15.05650069490143,-15.191921447754517,-0.2708415057061728
-16.768125757675367,-16.707439166879382,-16.737782462277373,-0.06068659079598504
-16.664726708183547,-16.658468450345755,-16.66159757926465,-0.006258257837792769
-15.196066425382718,-15.150487007547081,-15.1732767164649,-0.04557941783563635
-16.572029616550065,-16.731628172918754,-16.651828894734408,0.1595985563686888
-13.95061530065012,-13.82853214170072,-13.88957372117542,-0.12208315894940114
-18.977189639844063,-18.883071103089968,-18.930130371467015,-0.09411853675409532
-15.7360704046737,-15.644327780610805,-15.690199092642253,-0.09174262406289557
-17.698870752693658,-17.61806112507046,-17.65846593888206,-0.08080962762319643
-16.494906545451226,-16.5023571073137,-16.498631826382464,0.007450561862473393
-16.740064522966282,-16.701335550597786,-16.720700036782034,-0.03872897236849582
-15.822718559620292,-15.800963204194872,-15.811840881907582,-0.02175535542541951
-16.23660126929169,-15.946649498040443,-16.091625383666067,-0.28995177125124627
-16.947953781164067,-16.527307276996872,-16.73763052908047,-0.42064650416719473
-15.34087509897913,-15.337456789607735,-15.339165944293432,-0.0034183093713942014
-14.412644486652916,-14.380502184699235,-14.396573335676075,-0.032142301953680175
-15.847862037076453,-15.811878405071747,-15.8298702210741,-0.03598363200470622
-15.241003777776575,-15.09771994961925,-15.169361863697912,-0.14328382815732432
-15.069047990298184,-15.047553573499945,-15.058300781899064,-0.021494416798239158
-17.61814208558805,-17.398007421223134,-17.508074753405594,-0.2201346643649167
-15.066596401649232,-14.988119354187788,-15.02735787791851,-0.07847704746144402
-17.61456511806796,-17.677341891685305,-17.645953504876633,0.0627767736173439
-15.691962589383193,-15.53924447178371,-15.615603530583453,-0.15271811759948228
-16.31474788938678,-16.177098368140797,-16.24592312876379,-0.13764952124598295
-17.45321835502986,-19.921455491561062,-18.68733692329546,2.468237136531201
-14.656045031111917,-14.655088636149323,-14.655566833630619,-0.0009563949625945867
-16.76372170408959,-16.834817914279974,-16.799269809184782,0.07109621019038315
-18.230438037443587,-18.517062610794184,-18.373750324118888,0.286624573350597
-16.13536423928385,-16.106266067595765,-16.120815153439807,-0.029098171688083596
-17.288612849137174,-17.100794804474813,-17.19470382680599,-0.18781804466236096
-16.836915229631508,-16.844930015768533,-16.84092262270002,0.008014786137024998
-15.286076636605685,-15.004637518180258,-15.145357077392973,-0.28143911842542657
-15.794525765992567,-15.657412159609773,-15.72596896280117,-0.13711360638279402
-15.10752924656327,-14.937187075243191,-15.02235816090323,-0.17034217132007967
-15.524242172602808,-15.376000433563274,-15.45012130308304,-0.14824173903953408
-14.064987378156324,-13.939833921372923,-14.002410649764624,-0.1251534567834014
-16.74289999948224,-16.44527199152502,-16.59408599550363,-0.297628007957222
-15.005362321604888,-15.139891538197483,-15.072626929901187,0.1345292165925951
-14.678550765934698,-14.728957213488652,-14.703753989711675,0.050406447553953626
-15.1728994832843,-15.265800896771651,-15.219350190027976,0.09290141348735048
-15.440037893907332,-15.451734379399078,-15.445886136653204,0.011696485491745179
-16.543707105499625,-16.557510968694146,-16.550609037096883,0.013803863194521426
-16.343330451844317,-16.383262224971126,-16.36329633840772,0.039931773126809844
-18.27912192723926,-18.226645203486093,-18.252883565362676,-0.052476723753166254
-18.12498568824446,-18.58173152422811,-18.353358606236284,0.45674583598365004
-16.72645896103773,-16.886568087434767,-16.806513524236248,0.1601091263970389
-15.974671735329053,-16.051928301362835,-16.013300018345944,0.07725656603378184
-15.192750859821762,-15.204846482380372,-15.198798671101066,0.01209562255860952
-15.56543839125411,-16.991372683624498,-16.278405537439305,1.4259342923703873
-15.41077438069915,-15.905371339508054,-15.658072860103601,0.49459695880890386
-16.805234514877963,-16.65532758525126,-16.73028105006461,-0.14990692962670238
-19.83699007958932,-19.684341526542546,-19.760665803065933,-0.15264855304677383
-14.740934797073221,-14.638373898866947,-14.689654347970084,-0.10256089820627423
-19.299793329168846,-19.128977830377508,-19.21438557977318,-0.17081549879133817
-15.087427632479518,-15.23202148292855,-15.159724557704035,0.1445938504490325
-20.78113122037531,-20.670715070045752,-20.72592314521053,-0.11041615032955931
-15.072070382945181,-15.198494273651178,-15.13528232829818,0.1264238907059969
-16.05602401029995,-16.25272763226927,-16.15437582128461,0.1967036219693199
-15.019975508265036,-14.883729432115672,-14.951852470190353,-0.13624607614936401
-14.940617577924403,-15.073944446614387,-15.007281012269395,0.13332686868998422
-14.584926325873916,-14.507386070675821,-14.546156198274868,-0.0775402551980946
-15.500307056737476,-15.436740609498695,-15.468523833118086,-0.06356644723878091
-15.847617512919248,-15.885281998009575,-15.866449755464412,0.037664485090326494
-15.563592194015419,-15.67686478840589,-15.620228491210653,0.11327259439047133
-16.6686495510687,-16.550409228140197,-16.609529389604447,-0.11824032292850362
-14.33017124477404,-14.266052043052998,-14.298111643913519,-0.06411920172104146
-14.487243509010534,-14.351092576104776,-14.419168042557654,-0.13615093290575864
-15.022158822522018,-14.970554281699028,-14.996356552110523,-0.051604540822989264
-15.545713192146648,-15.809865559976263,-15.677789376061455,0.26415236782961493
-15.108293639597898,-15.498043707998157,-15.303168673798027,0.38975006840025905
-15.137596560063542,-15.093700856385588,-15.115648708224565,-0.043895703677954145
-18.58706593499718,-18.1282733169988,-18.357669625997993,-0.45879261799838034
-15.468653453767669,-15.333190171099796,-15.400921812433733,-0.13546328266787278
-15.878224384956614,-15.858420738868908,-15.86832256191276,-0.019803646087705573
-15.686373128328976,-15.571330428197125,-15.628851778263051,-0.11504270013185014
-15.130357335653976,-15.205918207325476,-15.168137771489725,0.0755608716715006
-16.981157489836235,-17.0748995226005,-17.02802850621837,0.09374203276426485
-16.601378812505995,-16.431561357585146,-16.51647008504557,-0.16981745492084954
-15.44618039793934,-15.4360928863771,-15.44113664215822,-0.010087511562240081
-17.203644372148077,-16.694111541332454,-16.948877956740265,-0.5095328308156226
-15.603867017842683,-15.682628270074426,-15.643247643958555,0.07876125223174313
-15.585894944316506,-15.428769115855099,-15.507332030085802,-0.15712582846140677
-15.506825951804085,-15.746263075478879,-15.626544513641482,0.23943712367479364
-14.836027179566816,-14.703970327344699,-14.769998753455758,-0.13205685222211727
-18.50200792916024,-18.46285178777471,-18.482429858467476,-0.03915614138552925
-17.295831494494834,-17.232128172995417,-17.263979833745125,-0.0637033214994176
-15.911227939299415,-15.845792974658174,-15.878510456978795,-0.06543496464124132
-15.789705336536183,-15.68134534505063,-15.735525340793407,-0.10835999148555331
-14.405614193481892,-14.44592439849798,-14.425769295989936,0.04031020501608751
-16.671485099039742,-16.433628513070925,-16.552556806055335,-0.2378565859688173
-17.354067710605978,-17.397303775869382,-17.375685743237682,0.043236065263403844
-15.536810945414388,-15.572770250458973,-15.55479059793668,0.03595930504458522
-15.442214072786365,-15.04978156262139,-15.245997817703877,-0.3924325101649746
-14.793147024473528,-14.784992664464044,-14.789069844468786,-0.008154360009484662
-16.904973731432488,-16.760831961447597,-16.832902846440042,-0.14414176998489125
-15.75554146432192,-15.864383117525044,-15.809962290923483,0.10884165320312356
-16.53298450273884,-16.612077348883695,-16.572530925811268,0.07909284614485301
-18.215754333954887,-18.207301151856026,-18.211527742905457,-0.008453182098861589
-14.790359014578003,-14.591376844374981,-14.690867929476493,-0.19898217020302233
-15.13419589186618,-15.059904330158036,-15.097050111012107,-0.07429156170814366
-15.999533295289403,-15.977822281748159,-15.988677788518782,-0.021711013541244384
-15.290970582812418,-15.344084566540452,-15.317527574676436,0.05311398372803389
-17.649627322588106,-18.441961039543372,-18.045794181065737,0.792333716955266
-14.518182646457166,-14.410000217982692,-14.464091432219929,-0.10818242847447479
-18.0150580836549,-17.86399285702845,-17.939525470341675,-0.15106522662645006
-15.658495835231424,-15.19059532043779,-15.424545577834607,-0.4679005147936337
-13.71539436303717,-13.667054742163685,-13.691224552600428,-0.048339620873484535
-15.717715712384777,-15.574624097783913,-15.646169905084346,-0.1430916146008645
-15.974578902161875,-15.992857419814385,-15.98371816098813,0.018278517652509763
-22.175840372892033,-20.892368039201575,-21.534104206046806,-1.283472333690458
-15.772064100182728,-15.751219289657023,-15.761641694919875,-0.020844810525705526
-15.953411150801475,-16.147143381785757,-16.050277266293616,0.19373223098428127
-15.064645943522061,-15.025830889580805,-15.045238416551433,-0.038815053941256394
-14.884112924732104,-14.684272274994406,-14.784192599863255,-0.19984064973769833
-15.529510489156035,-15.437681465474924,-15.48359597731548,-0.09182902368111101
-16.584907707937216,-16.572696122045972,-16.578801914991594,-0.012211585891243715
-15.727405050858888,-15.81067798897297,-15.769041519915929,0.08327293811408154
-14.37376726916447,-14.291766067110714,-14.332766668137591,-0.08200120205375505
-15.873381171776305,-16.098344645023545,-15.985862908399925,0.22496347324723942
-14.852970697259028,-14.818333405452726,-14.835652051355877,-0.03463729180630182
-17.51296081522499,-17.07083465430825,-17.29189773476662,-0.4421261609167395
-16.31177401985976,-16.25206745859151,-16.281920739225637,-0.059706561268249914
-14.735803927070556,-14.711306128430964,-14.72355502775076,-0.024497798639592006
-17.002429854718013,-16.79742105314614,-16.899925453932077,-0.2050088015718714
-14.72102028753023,-14.582498538148958,-14.651759412839594,-0.13852174938127249
-18.293256637164085,-18.810085668763577,-18.55167115296383,0.5168290315994923
-15.478631070816794,-15.471524072074523,-15.47507757144566,-0.0071069987422713865
-14.645117279196834,-14.562752754202299,-14.603935016699566,-0.08236452499453506
-16.439772995894497,-16.457581160653206,-16.448677078273853,0.0178081647587085
-16.161415972067218,-16.152841190208992,-16.157128581138103,-0.008574781858225577
-14.242264577233405,-14.130220380286474,-14.18624247875994,-0.1120441969469308
-13.561488055042643,-13.323865309531692,-13.442676682287168,-0.23762274551095075
-16.22111804060839,-16.464050456321587,-16.342584248464988,0.24293241571319868
-14.721516658415382,-14.455867336269124,-14.588691997342252,-0.2656493221462579
-14.256102835319519,-13.972603716403034,-14.114353275861276,-0.2834991189164846
-15.889325516213544,-15.8896447290717,-15.889485122642622,0.0003192128581552822
-19.025556499054787,-19.076163659143596,-19.05086007909919,0.05060716008880917
-13.494154856158287,-13.37645836167124,-13.435306608914765,-0.11769649448704733
-13.993177002541774,-13.891558902069555,-13.942367952305665,-0.1016181004722192
-16.89244739206512,-16.749439441611795,-16.820943416838457,-0.14300795045332393
-14.321590693884595,-14.368187395262332,-14.344889044573463,0.046596701377737304
-16.559155339466155,-16.63465538190804,-16.596905360687096,0.07550004244188457
-18.108507083969457,-18.302793725370996,-18.205650404670227,0.19428664140153984
-17.04823572956675,-17.128344291724368,-17.088290010645558,0.08010856215761919
-16.500496310400074,-16.67938417778724,-16.589940244093658,0.1788878673871679
-14.961409522649934,-14.982306564445867,-14.9718580435479,0.020897041795933546
-15.491407458632803,-15.356549258148295,-15.42397835839055,-0.13485820048450847
-15.171037695507424,-14.98794541272786,-15.079491554117642,-0.18309228277956358
-19.040442271668606,-18.718596129316644,-18.879519200492624,-0.3218461423519621
-14.876462005798844,-14.742249393870527,-14.809355699834686,-0.13421261192831757
-15.839760442756214,-15.74066799345854,-15.790214218107376,-0.09909244929767347
-16.722688788137212,-16.625846273414282,-16.674267530775747,-0.0968425147229297
-18.22689419949735,-18.17705423474799,-18.20197421712267,-0.04983996474935992
-17.092451784086094,-17.139868337738633,-17.116160060912364,0.04741655365253905
-15.540337719675204,-15.513333773647354,-15.526835746661279,-0.02700394602785039
-15.091121887381517,-15.161527020854244,-15.126324454117881,0.07040513347272714
-14.926623602320358,-14.879495220243921,-14.90305941128214,-0.04712838207643699
-16.64069072182168,-16.720798195516906,-16.680744458669295,0.0801074736952252
-14.918860903069486,-14.889837175061851,-14.904349039065668,-0.029023728007635086
-14.393489446315394,-14.357984794962578,-14.375737120638986,-0.03550465135281655
-15.342066550431042,-15.134211385402178,-15.23813896791661,-0.2078551650288638
-16.12228928182391,-16.398252422869117,-16.260270852346515,0.2759631410452066
-15.887234423815942,-16.12321998793307,-16.005227205874505,0.23598556411712757
-16.039785282728314,-16.06182526097633,-16.050805271852322,0.022039978248017178
-17.101449101624095,-16.76829960191335,-16.93487435176872,-0.33314949971074626
-18.03265703389252,-17.700031441421075,-17.866344237656797,-0.3326255924714445
-15.36983858576167,-15.416514387694605,-15.393176486728137,0.046675801932934746
-13.708127453428464,-13.645092306411012,-13.676609879919738,-0.06303514701745172
-14.65325153210388,-14.601150549137984,-14.627201040620932,-0.05210098296589649
-14.853221279311617,-14.967417650275145,-14.910319464793382,0.11419637096352808
-15.701384735324854,-15.715398798370458,-15.708391766847656,0.01401406304560382
-17.152056614926988,-16.974457615532778,-17.06325711522988,-0.17759899939420976
-15.790312231953397,-15.71784032499647,-15.754076278474933,-0.07247190695692751
-14.106229379537988,-13.941535332129238,-14.023882355833614,-0.1646940474087497
-16.89802540749569,-16.659268718317485,-16.778647062906586,-0.23875668917820647
-18.2714463332447,-18.440943939620425,-18.35619513643256,0.16949760637572453
-16.508455698677245,-16.61905255519803,-16.56375412693764,0.11059685652078599
-14.145312720489086,-14.087139409737505,-14.116226065113295,-0.05817331075158094
-15.402021564839794,-15.452564806918543,-15.427293185879169,0.05054324207874927
-17.669324537287316,-17.545037820457,-17.60718117887216,-0.12428671683031567
-15.568202644082879,-15.502375218247527,-15.535288931165203,-0.0658274258353515
-14.550924055865964,-14.226231032594125,-14.388577544230046,-0.32469302327183946
-16.76012846143923,-16.843547094348267,-16.80183777789375,0.08341863290903717
-17.60429630139173,-17.523259294331964,-17.563777797861846,-0.08103700705976635
-15.810478034926911,-15.659863549237132,-15.735170792082021,-0.1506144856897791
-14.920508496609257,-15.016137525128283,-14.968323010868769,0.095629028519026
-14.542355460457209,-14.257369769681155,-14.399862615069182,-0.28498569077605396
-20.942984381105454,-20.762008849774077,-20.852496615439765,-0.18097553133137723
-18.99553255917033,-18.215564060785447,-18.605548309977888,-0.779968498384882
-17.575147335103864,-17.65685499851789,-17.616001166810875,0.08170766341402569
-16.40168604277267,-16.450478864395073,-16.426082453583874,0.04879282162240273
-18.49088564922209,-18.191720621711294,-18.341303135466692,-0.29916502751079577
-18.93752367201929,-18.73705735551962,-18.837290513769453,-0.20046631649966784
-19.723619289589873,-20.078377415955003,-19.90099835277244,0.35475812636513027
-22.222507419049332,-22.087641866012667,-22.155074642530998,-0.13486555303666492
-17.587419100275426,-17.654169237396133,-17.62079416883578,0.06675013712070665
-16.559810442530672,-16.367610142182716,-16.463710292356694,-0.192200300347956
-18.17956165227391,-18.179085941652083,-18.179323796962997,-0.00047571062182782953
-18.28175881517912,-18.178797403936464,-18.230278109557794,-0.10296141124265645
-16.187246583589815,-16.16920328108914,-16.178224932339475,-0.01804330250067565
-18.490178925925775,-18.615977030399556,-18.553077978162666,0.12579810447378037
-19.922319635123813,-19.749501484180115,-19.835910559651964,-0.1728181509436979
-19.62050064420064,-19.7564687299145,-19.688484687057567,0.1359680857138592
-17.98668317338804,-17.85656458512176,-17.921623879254902,-0.13011858826628142
-19.252043680384215,-19.020221577199845,-19.13613262879203,-0.23182210318437058
-20.662656849728364,-19.7775850232303,-20.220120936479333,-0.8850718264980628
-17.354065387504,-17.213050794972666,-17.283558091238334,-0.14101459253133442
-17.7254193819504,-17.686271522942008,-17.705845452446205,-0.03914785900839135
-18.628767793463187,-18.718300763797473,-18.673534278630328,0.08953297033428598
-19.204533009552005,-19.083917970096046,-19.144225489824024,-0.1206150394559593
-18.07833338755898,-18.222829740479717,-18.150581564019348,0.14449635292073637
-15.714008353631641,-15.62531806317657,-15.669663208404106,-0.08869029045507126
-20.07827724491482,-20.128763811239896,-20.103520528077357,0.050486566325076865
-19.22456468992887,-19.34849512452388,-19.286529907226374,0.1239304345950103
-20.36704565489313,-20.068790555650878,-20.217918105272005,-0.298255099242251
-19.30250079884304,-19.615896296731208,-19.459198547787125,0.3133954978881661
-19.293266595433078,-19.04725222136081,-19.170259408396944,-0.24601437407226712
-16.268576521877787,-16.070314328079203,-16.169445424978495,-0.198262193798584
-21.194846927310785,-21.134451592133694,-21.16464925972224,-0.06039533517709117
-18.24714013687752,-18.022129925839465,-18.134635031358492,-0.22501021103805385
-16.310891865379546,-16.192462883270764,-16.251677374325155,-0.11842898210878161
-18.084936951563158,-18.121848780700056,-18.103392866131607,0.03691182913689772
-19.354355230374292,-19.473081752643914,-19.4137184915091,0.11872652226962188
-16.461267502888585,-16.517578128098073,-16.489422815493327,0.0563106252094876
-16.894448213845106,-16.908029198862245,-16.901238706353674,0.013580985017139113
-18.72723100651514,-19.25208304191149,-18.989657024213315,0.52485203539635
-16.253410512163327,-16.188804003915834,-16.22110725803958,-0.06460650824749337
-16.090798816506535,-16.118019577614103,-16.10440919706032,0.02722076110756788
-18.613598952617423,-18.509338395817682,-18.56146867421755,-0.10426055679974056
-15.734317682089033,-15.722471132679562,-15.728394407384297,-0.011846549409471052
-18.347557117390664,-18.23466579674683,-18.291111457068748,-0.11289132064383267
-18.383757607496484,-18.188706066252948,-18.286231836874716,-0.19505154124353652
-20.669677836167033,-20.626046579412993,-20.647862207790013,-0.04363125675403978
-19.003410528321997,-19.14207253158839,-19.072741529955195,0.13866200326639344
-17.59482445941225,-17.473689575828796,-17.534257017620526,-0.12113488358345492
-16.42916998077613,-16.289003199622968,-16.35908659019955,-0.1401667811531624
-18.17099254393534,-18.448052869318033,-18.309522706626687,0.277060325382692
-19.325890387098724,-19.38399370417057,-19.354942045634647,0.058103317071847016
-19.824018326889366,-19.497091661895652,-19.66055499439251,-0.3269266649937137
-16.26713381807567,-16.199297934991694,-16.233215876533684,-0.06783588308397626
-17.57303980149828,-17.60119979747666,-17.587119799487468,0.028159995978381147
-18.022096707294388,-17.847365695887838,-17.934731201591113,-0.1747310114065499
-18.208713792692,-18.13811361724853,-18.173413704970265,-0.07060017544347019
-16.32573829884772,-16.244771094477393,-16.285254696662555,-0.080967204370328
-17.184226401822926,-17.174241569646764,-17.179233985734847,-0.009984832176161973
-18.753538717357813,-18.738238665825925,-18.74588869159187,-0.01530005153188796
-17.491805445546355,-17.385437390424904,-17.43862141798563,-0.10636805512145031
-20.12539620510102,-20.49813255271338,-20.3117643789072,0.37273634761235996
-19.535171800589993,-19.81099955215116,-19.673085676370576,0.2758277515611667
-18.416970411743577,-18.48210640268198,-18.449538407212778,0.06513599093840128
-18.98696218604606,-19.118129891920155,-19.05254603898311,0.13116770587409476
-15.577086450556937,-15.522687480150804,-15.54988696535387,-0.054398970406133174
-16.505864386893684,-16.426722379554715,-16.466293383224198,-0.07914200733896948
-18.26748417534626,-18.11879940735463,-18.193141791350445,-0.14868476799163233
-19.383952757417394,-19.31000584761788,-19.34697930251764,-0.07394690979951335
-17.540620268024362,-17.62413164133438,-17.58237595467937,0.08351137331001723
-17.40479563044827,-17.289371655746884,-17.347083643097577,-0.1154239747013861
-18.254160149680295,-18.271409003370763,-18.26278457652553,0.017248853690468025
-16.524349930526746,-16.469519069405997,-16.496934499966372,-0.054830861120748864
-19.657245209947845,-19.86919329554978,-19.76321925274881,0.2119480856019358
-16.12707523557838,-15.997940941477285,-16.062508088527835,-0.129134294101096
-15.88919710480818,-15.845708945672701,-15.86745302524044,-0.0434881591354781
-18.561325977818264,-18.522960576284245,-18.542143277051252,-0.03836540153401913
-16.25230912326297,-16.235221817993455,-16.24376547062821,-0.017087305269516406
-20.542362832555465,-20.37738070355136,-20.45987176805341,-0.16498212900410536
-17.89130227544093,-17.93155361409925,-17.91142794477009,0.04025133865832231
-18.505242013676586,-18.304977082473876,-18.40510954807523,-0.20026493120271027
-17.288867061765668,-17.34072567217059,-17.314796366968128,0.05185861040492057
-15.824201171008735,-15.773207327899694,-15.798704249454214,-0.050993843109040426
-17.96510466841283,-18.22809696836298,-18.096600818387905,0.26299229995014883
-17.6032257570725,-17.81324582196641,-17.708235789519456,0.21002006489391079
-17.808525436057746,-17.771152898387072,-17.78983916722241,-0.03737253767067372
-20.233759159424157,-20.179418805043532,-20.206588982233846,-0.054340354380624234
-16.315487101029163,-16.237011083623713,-16.276249092326438,-0.07847601740544974
-17.507559072492395,-17.45359454951853,-17.480576811005463,-0.05396452297386389
-16.40966180378416,-16.26483304788927,-16.337247425836715,-0.14482875589489197
-17.2129977565382,-17.11987171817149,-17.166434737354844,-0.0931260383667123
-20.785516475234296,-21.555626291595544,-21.17057138341492,0.7701098163612485
-19.069131576710145,-19.06926268329421,-19.069197130002177,0.0001311065840639003
-17.3138441321291,-17.529192398850228,-17.421518265489663,0.21534826672112928
-18.887466545859443,-19.167477524473746,-19.027472035166596,0.28001097861430324
-17.49529353873275,-17.260102836865915,-17.377698187799332,-0.23519070186683422
-18.117907666439883,-18.003184565014635,-18.06054611572726,-0.11472310142524833
-18.95438605001021,-19.530541338391938,-19.242463694201074,0.5761552883817274
-15.396124455201676,-15.33319291969214,-15.364658687446909,-0.06293153550953612
-17.601672607247945,-17.60329054243459,-17.602481574841267,0.0016179351866441039
-17.763900017739573,-17.73288084584015,-17.74839043178986,-0.03101917189942327
-16.995716349432904,-17.31206203467547,-17.153889192054187,0.3163456852425668
-17.076874928488607,-17.074801252892748,-17.075838090690677,-0.00207367559585947
-16.083116894695955,-16.054425717593517,-16.068771306144736,-0.028691177102437848
-16.070874978301834,-16.07693504299979,-16.07390501065081,0.00606006469795517
-16.86052272550332,-16.704552709935165,-16.782537717719244,-0.1559700155681547
-18.065498234783437,-18.080445183609847,-18.072971709196644,0.014946948826409567
-15.399348364723576,-15.239424615506811,-15.319386490115193,-0.15992374921676422
-15.906938610129217,-15.968363639061185,-15.9376511245952,0.06142502893196777
-18.82649341673438,-18.81876204750665,-18.822627732120516,-0.007731369227730767
-15.679151760350473,-15.65162291313484,-15.665387336742658,-0.02752884721563298
-16.555784812989362,-16.41508457881027,-16.485434695899816,-0.14070023417909283
-18.509296015284697,-18.78290959919115,-18.646102807237924,0.2736135839064531
-18.151733595790052,-18.258916874759816,-18.205325235274934,0.10718327896976376
-17.73411791755495,-17.763773219971256,-17.748945568763105,0.029655302416305318
-15.14428519817439,-15.107919719650555,-15.126102458912474,-0.03636547852383565
-15.507737534216155,-15.342022793837192,-15.424880164026673,-0.16571474037896294
-16.84849302237449,-16.70972827432783,-16.77911064835116,-0.13876474804666117
-17.382665754017275,-17.283594721584358,-17.333130237800816,-0.09907103243291715
-21.909226116177425,-22.46497956271985,-22.187102839448638,0.5557534465424254
-17.642713165054644,-17.53205030239791,-17.587381733726275,-0.11066286265673497
-17.15258613320997,-17.049690523636087,-17.101138328423026,-0.10289560957388133
-17.70486757584603,-17.83219396091563,-17.76853076838083,0.12732638506960114
-16.68223413919938,-16.67870989014901,-16.680472014674194,-0.0035242490503719637
-16.180137244837695,-16.15038185890322,-16.165259551870456,-0.029755385934475242
-18.042966054746284,-18.035038390177103,-18.039002222461693,-0.007927664569180592
-17.968931047546516,-17.95245184093227,-17.960691444239394,-0.016479206614246067
-15.848502294466995,-15.931175688756111,-15.889838991611553,0.08267339428911669
-18.70836522501516,-18.88057218808654,-18.794468706550852,0.17220696307137828
-17.70494533081057,-17.306151469699394,-17.50554840025498,-0.39879386111117654
-16.184270620090256,-15.866801182271454,-16.025535901180856,-0.31746943781880255
-16.69444264110117,-18.62115418332889,-17.65779841221503,1.9267115422277215
-16.193909533799253,-16.263311506006097,-16.228610519902674,0.06940197220684396
-16.855311866001713,-16.88224179795882,-16.868776831980266,0.026929931957106135
-18.574694219609366,-18.444002231720887,-18.50934822566513,-0.13069198788847913
-17.963288552158566,-17.65001873791743,-17.806653645037997,-0.313269814241135
-15.327413832362947,-15.334958239952245,-15.331186036157597,0.00754440758929853
-17.829610508209228,-18.099003069267578,-17.964306788738405,0.26939256105834986
-17.796341403536285,-17.852669051715548,-17.824505227625917,0.056327648179262724
-17.50776289013162,-17.392291367564894,-17.450027128848255,-0.11547152256672533
-18.99474744124955,-19.159999660946138,-19.077373551097843,0.16525221969658688
-16.520954177580695,-16.436728026655132,-16.47884110211791,-0.08422615092556285
-26.827968398904265,-25.230869314340318,-26.029418856622293,-1.597099084563947
-16.045835305999947,-15.965334312125536,-16.005584809062743,-0.08050099387441101
-16.601709066495616,-16.666508200940434,-16.634108633718025,0.06479913444481866
-16.06501292641419,-16.019260068389038,-16.042136497401614,-0.04575285802515339
-15.864019349898978,-15.747577607056463,-15.80579847847772,-0.11644174284251463
-16.577577308515735,-16.452082353906114,-16.514829831210925,-0.12549495460962135
-17.964328664623984,-17.956852679956732,-17.96059067229036,-0.007475984667252078
-15.673920507513428,-15.552968404964767,-15.613444456239097,-0.12095210254866018
-16.157302701205193,-16.19586531606157,-16.176584008633384,0.03856261485637802
-17.073265121579876,-16.843320155010986,-16.958292638295433,-0.2299449665688904
-17.41245022705407,-17.442331498391205,-17.42739086272264,0.029881271337135473
-17.790724335058922,-17.463616255490667,-17.627170295274794,-0.32710807956825505
-15.763328649961553,-15.828195934149385,-15.795762292055468,0.06486728418783194
-17.6690195008146,-17.277440149403592,-17.473229825109094,-0.3915793514110071
-16.086793970009428,-15.890529991902044,-15.988661980955737,-0.1962639781073836
-16.86688917998428,-16.784245065539526,-16.825567122761903,-0.08264411444475428
-16.400895188088096,-16.259439460117235,-16.330167324102668,-0.14145572797086103
-18.713054036101642,-18.52285467010322,-18.617954353102434,-0.1901993659984207
-17.02793596934711,-16.90250693796213,-16.96522145365462,-0.12542903138497863
-19.61917880177524,-19.91774283272553,-19.768460817250386,0.2985640309502884
-16.000940770920614,-16.00656547569776,-16.00375312330919,0.005624704777144274
-17.824142423175633,-17.659698734446295,-17.741920578810962,-0.1644436887293388
-19.434067734037445,-19.235503975996235,-19.33478585501684,-0.1985637580412103
-18.361326881749676,-18.073684548493723,-18.2175057151217,-0.28764233325595256
-21.218800351077242,-21.326170683961273,-21.272485517519257,0.10737033288403097
-16.86706755222718,-16.735248108622766,-16.801157830424973,-0.13181944360441378
-16.35130239594201,-16.09868309577304,-16.224992745857527,-0.25261930016896983
-18.771727162093782,-19.02332998185085,-18.897528571972316,0.25160281975706766
-16.754419530746862,-16.610864001107547,-16.682641765927205,-0.14355552963931473
-15.116587868371804,-15.056149786039274,-15.08636882720554,-0.060438082332529675
-16.127103998857866,-16.053869255758038,-16.090486627307953,-0.07323474309982814
-16.432553299414415,-16.103136828983367,-16.26784506419889,-0.32941647043104894
-18.680040632000953,-18.980159780786853,-18.8301002063939,0.3001191487858996
-15.677864799138769,-15.65187240045352,-15.664868599796144,-0.02599239868524883
-15.780995206111495,-15.559150314908885,-15.670072760510191,-0.22184489120260942
-15.280835869833417,-15.202745381684293,-15.241790625758856,-0.07809048814912423
-20.195554951727278,-19.348514663066652,-19.772034807396963,-0.8470402886606259
-19.4054136851532,-19.739564677378716,-19.572489181265958,0.33415099222551703
-20.03331969850005,-19.833073855959473,-19.93319677722976,-0.20024584254057842
-16.058586677068643,-15.954584147832483,-16.006585412450562,-0.10400252923616016
-17.320770123107856,-17.16461197925235,-17.242691051180103,-0.15615814385550664
-15.72811848787538,-15.71935571032503,-15.723737099100205,-0.008762777550350265
-14.582009119965198,-14.631350035305438,-14.606679577635319,0.04934091534023999
-16.41050763814208,-16.32758529950369,-16.369046468822884,-0.08292233863839016
-14.950060387531433,-14.97401572800225,-14.962038057766842,0.02395534047081682
-18.238583925454268,-18.372170368693507,-18.305377147073887,0.1335864432392384
-14.990477390523356,-14.984744897425177,-14.987611143974267,-0.005732493098179248
-18.48346262651211,-18.02661612828046,-18.255039377396287,-0.456846498231652
-17.9242113235317,-17.736181501507197,-17.83019641251945,-0.1880298220245038
-19.073109682805978,-19.082439993712512,-19.077774838259245,0.009330310906534578
-18.64459349819503,-18.70340903773048,-18.674001267962755,0.05881553953545193
-15.230309823209488,-15.052702016026286,-15.141505919617888,-0.17760780718320213
-16.815614923960904,-16.673387454024503,-16.744501188992704,-0.142227469936401
-18.04024414327624,-18.41275863554327,-18.226501389409755,0.3725144922670296
-17.219273797653617,-17.353704413670474,-17.286489105662046,0.13443061601685713
-14.915520873840494,-14.796098485365485,-14.85580967960299,-0.11942238847500874
-17.99399387450496,-18.090775483956637,-18.0423846792308,0.09678160945167846
-16.955213150053297,-16.857601126949895,-16.906407138501596,-0.09761202310340167
-17.35248143745296,-17.383871436494246,-17.368176436973602,0.03138999904128781
-19.557207704034273,-19.582986176352257,-19.570096940193267,0.02577847231798458
-15.809552208715225,-15.833179735408141,-15.821365972061683,0.023627526692916234
-17.17280937575279,-16.881817294959596,-17.027313335356194,-0.2909920807931954
-17.65731181101669,-17.325393454162505,-17.491352632589596,-0.33191835685418525
-17.158922147879117,-17.380521746378747,-17.269721947128932,0.22159959849962974
-17.269268907758896,-17.34304145321246,-17.30615518048568,0.07377254545356493
-15.514188864794313,-15.379245328825089,-15.446717096809701,-0.13494353596922437
-15.805013909444119,-15.743101925708164,-15.77405791757614,-0.06191198373595519
-16.324814815788752,-16.13740380051749,-16.231109308153123,-0.18741101527126247
-17.94343467194869,-17.991213519368145,-17.96732409565842,0.047778847419454706
-15.6964140328836,-15.419474011908612,-15.557944022396107,-0.2769400209749886
-17.235013972944884,-17.211539168850965,-17.223276570897923,-0.023474804093918777
-16.300270745235615,-16.289963316483107,-16.29511703085936,-0.01030742875250823
-14.548376802433296,-14.554526413831521,-14.551451608132409,0.006149611398225119
-18.14144479706364,-18.128740254554863,-18.135092525809252,-0.012704542508778616
-16.264464997203692,-16.336694724273215,-16.300579860738452,0.07222972706952291
-16.365901264622646,-16.378393375668615,-16.37214732014563,0.012492111045968812
-16.12193679073023,-16.105512055669305,-16.11372442319977,-0.016424735060926565
-16.072146979062808,-15.944798390826058,-16.008472684944433,-0.12734858823674955
-15.06898147700192,-15.251450885475005,-15.160216181238463,0.1824694084730858
-16.712550258561883,-16.579626533102633,-16.64608839583226,-0.1329237254592499
-16.889448247430803,-16.938930042853507,-16.914189145142153,0.04948179542270381
-15.699191027575628,-15.39153874114357,-15.5453648843596,-0.30765228643205766
-18.649449966446788,-19.119771105476907,-18.884610535961848,0.4703211390301192
-16.82249611745943,-16.616812110589667,-16.71965411402455,-0.20568400686976318
-16.434604990137395,-16.47115652816687,-16.45288075915213,0.03655153802947453
-19.72205799506421,-19.444902772997096,-19.58348038403065,-0.27715522206711185
-16.401510940128105,-16.295707361926606,-16.348609151027354,-0.105803578201499
-15.206654143968693,-15.122375782651925,-15.16451496331031,-0.08427836131676791
-17.062435890094278,-17.09810876082868,-17.08027232546148,0.03567287073440184
-17.872982445868043,-17.948832579192523,-17.910907512530283,0.07585013332447943
-17.843037816932107,-18.09964668408914,-17.971342250510624,0.2566088671570341
-18.58737941458263,-18.73494417430824,-18.661161794445434,0.14756475972560779
-19.638460864941294,-19.43518950850243,-19.536825186721863,-0.20327135643886507
-18.25694757371581,-18.515456882101297,-18.386202227908555,0.2585093083854879
-16.81109456476164,-16.708525507959944,-16.75981003636079,-0.10256905680169481
-16.537900777280964,-16.54355936451375,-16.540730070897357,0.005658587232787227
-16.618474697292477,-16.80648198711333,-16.712478342202903,0.18800728982085246
-14.40934045585717,-14.399482986019473,-14.40441172093832,-0.009857469837696087
-17.09685670967399,-17.207451928714413,-17.152154319194203,0.11059521904042313
-17.34640625511325,-17.306298146431494,-17.326352200772373,-0.04010810868175696
-16.79897768034967,-16.655838667969263,-16.727408174159464,-0.14313901238040572
-15.312846797841745,-15.243510719629125,-15.278178758735436,-0.06933607821262022
-15.401895273216569,-15.447853011145273,-15.424874142180922,0.04595773792870439
-15.082050218962594,-15.007862028381517,-15.044956123672055,-0.0741881905810775
-15.862947319829368,-15.916764357855458,-15.889855838842413,0.05381703802608939
-18.680075128564805,-18.484351511282377,-18.58221331992359,-0.19572361728242882
-15.574642299616908,-15.535714490814426,-15.555178395215666,-0.03892780880248203
-15.426164841678226,-15.542024504681144,-15.484094673179685,0.11585966300291872
-17.592081522888414,-18.094186446469614,-17.843133984679014,0.5021049235812001
-17.3064239230553,-17.54539834781348,-17.42591113543439,0.2389744247581831
-15.821095180280713,-15.872408813328104,-15.846751996804407,0.051313633047390894
-16.594057399639677,-16.767858395612418,-16.680957897626048,0.17380099597274068
-17.232229000645066,-17.172141579889573,-17.20218529026732,-0.06008742075549378
-20.163960737128342,-19.83609525146111,-20.000027994294726,-0.32786548566723184
-14.587578943909918,-14.604035772259436,-14.595807358084677,0.01645682834951856
-14.9786914062822,-14.938832425115828,-14.958761915699014,-0.039858981166371876
-16.5064822026965,-16.468234424329655,-16.487358313513077,-0.0382477783668449
-18.132456136853243,-19.264313693896664,-18.69838491537495,1.1318575570434213
-22.191613059058415,-21.54110500002477,-21.86635902954159,-0.6505080590336441
-19.684744123771242,-20.029323799645724,-19.85703396170848,0.34457967587448124
-16.693087238394266,-16.654013452066305,-16.673550345230286,-0.0390737863279611
-20.109481956568118,-19.909957765529327,-20.009719861048723,-0.19952419103879038
-16.494283540172578,-16.226651383050907,-16.36046746161174,-0.2676321571216711
-15.47577886243909,-15.48713284565071,-15.4814558540449,0.011353983211618512
-19.962867696003297,-19.74528236747431,-19.8540750317388,-0.21758532852898682
-16.60993702308925,-16.457047602134917,-16.533492312612083,-0.152889420954331
-15.962182202724573,-15.81418527866589,-15.888183740695233,-0.14799692405868292
-17.199565724629128,-17.06689088841898,-17.133228306524053,-0.13267483621014975
-17.74153247166111,-17.792578297711813,-17.76705538468646,0.051045826050703624
-15.072693073757446,-15.191996147285455,-15.13234461052145,0.11930307352800895
-14.931091958184675,-14.77190562726735,-14.851498792726012,-0.1591863309173256
-15.162741769949708,-15.012881025912822,-15.087811397931265,-0.14986074403688576
-19.371616368230548,-21.518432647340425,-20.445024507785487,2.1468162791098777
-16.658061822952767,-16.617342714967535,-16.63770226896015,-0.04071910798523248
-16.47631456838853,-16.382035878534985,-16.42917522346176,-0.09427868985354593
-15.204696208216431,-15.036473330128203,-15.120584769172318,-0.168222878088228
-15.277901753110513,-15.304711477239668,-15.29130661517509,0.026809724129154944
-17.07397077572052,-16.95558747562488,-17.014779125672703,-0.11838330009564046
-19.274974617986075,-19.252439590909184,-19.26370710444763,-0.022535027076891367
-19.520315035260776,-19.181032004918364,-19.350673520089572,-0.33928303034241125
-18.287926695409713,-18.444990623764408,-18.36645865958706,0.1570639283546953
-15.437836304617612,-15.385722450289784,-15.411779377453698,-0.052113854327828335
-16.417874089339506,-16.363788342267217,-16.39083121580336,-0.05408574707228908
-15.587456004730974,-15.535818680475298,-15.561637342603136,-0.05163732425567602
-17.000965717719193,-17.058651440390225,-17.02980857905471,0.05768572267103167
-17.83310867779999,-17.639138204224047,-17.73612344101202,-0.19397047357594488
-14.541123105125587,-14.610012119045907,-14.575567612085747,0.06888901392031954
-19.844151745695754,-19.551334631526707,-19.69774318861123,-0.292817114169047
-14.828060910414171,-14.651528615035168,-14.73979476272467,-0.17653229537900295
-16.05133518167739,-16.06062690677941,-16.055981044228403,0.009291725102020365
-15.278781583423743,-15.274066721011112,-15.276424152217427,-0.0047148624126318595
-15.950397503116756,-15.889184402476092,-15.919790952796424,-0.06121310064066421
-18.141103406622605,-18.27785606059963,-18.20947973361112,0.1367526539770232
-15.519248949318474,-15.606405684300796,-15.562827316809635,0.08715673498232235
-17.165065207715706,-17.15047595782977,-17.157770582772738,-0.014589249885936795
-15.28461609215208,-15.147050467821288,-15.215833279986683,-0.1375656243307919
-18.774898071030112,-18.32221222801025,-18.548555149520183,-0.4526858430198608
-15.97217980355682,-15.695183108878803,-15.83368145621781,-0.2769966946780169
-19.162050405191263,-19.20993509641181,-19.18599275080154,0.04788469122054906
-16.603630847812788,-16.615123207370026,-16.609377027591407,0.011492359557237819
-17.262767921955962,-17.207190157622836,-17.2349790397894,-0.05557776433312611
-15.163097074579321,-14.967885656996536,-15.065491365787928,-0.19521141758278482
-15.240612407260663,-15.15280692489467,-15.196709666077666,-0.08780548236599373
-18.91915381836329,-18.59085876558454,-18.755006291973913,-0.3282950527787527
-17.285404006968427,-17.472681143590073,-17.37904257527925,0.18727713662164547
-22.046895540341627,-21.858738904718507,-21.952817222530065,-0.18815663562311968
-17.898598467607652,-17.973548800687972,-17.93607363414781,0.07495033308032006
-15.922662037776982,-15.875460651984847,-15.899061344880915,-0.0472013857921354
-14.675774613603018,-14.461101401534677,-14.568438007568847,-0.214673212068341
-16.260671094439,-16.20298073700847,-16.231825915723736,-0.057690357430530526
-16.569748983712472,-16.933204191006514,-16.75147658735949,0.36345520729404157
-14.876437009645485,-14.851927739695018,-14.864182374670252,-0.024509269950467427
-16.13988891996387,-16.131945414851096,-16.135917167407484,-0.007943505112773863
-20.297275799490347,-20.06078966897435,-20.17903273423235,-0.23648613051599554
-14.279589825295643,-14.013400409054354,-14.146495117174998,-0.2661894162412892
-16.100707874473358,-16.148567005021025,-16.12463743974719,0.04785913054766766
-15.179112609985207,-15.201306507171736,-15.190209558578472,0.0221938971865292
-15.603995764023221,-15.404601340578221,-15.504298552300721,-0.1993944234449998
-18.563183403782954,-18.68552578113641,-18.62435459245968,0.12234237735345488
-14.803464972439174,-14.793008711555668,-14.798236841997422,-0.010456260883506374
-15.197454495085529,-15.178872500055963,-15.188163497570745,-0.01858199502956559
-15.220577920489879,-15.167093415794074,-15.193835668141976,-0.05348450469580435
-18.265004790317306,-18.32414881602582,-18.294576803171562,0.059144025708512515
-14.034156643600026,-13.910497481222485,-13.972327062411257,-0.12365916237754071
-17.19985623029615,-17.43859033834073,-17.31922328431844,0.23873410804458217
-15.354494809101313,-15.30689981563403,-15.330697312367672,-0.047594993467283686
-17.002478730289464,-17.115873395888503,-17.059176063088984,0.11339466559903855
-14.660876516549967,-14.555736795761657,-14.608306656155811,-0.10513972078831024
-16.478043279798882,-16.434609013394528,-16.456326146596705,-0.043434266404354105
-16.233971833082627,-16.22812918013416,-16.231050506608394,-0.005842652948466309
-16.8515611845048,-16.666220937066687,-16.758891060785743,-0.18534024743811273
-20.066479144965125,-20.103111345291843,-20.084795245128483,0.03663220032671788
-14.577204711840832,-14.58910089286918,-14.583152802355006,0.011896181028347996
-16.858680561007457,-16.724510415356402,-16.79159548818193,-0.1341701456510549
-17.613343155171737,-17.479763606062495,-17.546553380617116,-0.13357954910924263
-17.51021884640661,-17.717992943068225,-17.614105894737417,0.20777409666161617
-14.256373261933712,-14.40626751488902,-14.331320388411367,0.149894252955308
-17.07579995721963,-17.218468033894016,-17.14713399555682,0.1426680766743864
-15.855784343480922,-15.881116710204736,-15.868450526842828,0.02533236672381456
-17.096363847495763,-17.141725738052813,-17.11904479277429,0.04536189055705009
-17.787508007910784,-17.793581607518387,-17.790544807714586,0.006073599607603342
-14.663624674543959,-14.523987314471663,-14.593805994507811,-0.139637360072296
-15.84100448561326,-15.912022783371983,-15.876513634492621,0.07101829775872304
-18.010013678749477,-18.213519414778222,-18.11176654676385,0.20350573602874533
-17.322375928146744,-17.179073180495813,-17.25072455432128,-0.14330274765093165
-15.197145946774675,-15.206826964091494,-15.201986455433085,0.009681017316818696
-14.704395083467436,-14.583055559416481,-14.64372532144196,-0.1213395240509545
-15.883653684760917,-15.844095761635621,-15.863874723198268,-0.0395579231252956
-15.872235674420688,-15.857794605171058,-15.865015139795872,-0.014441069249629734
-17.951473343518657,-17.930149546794045,-17.94081144515635,-0.021323796724612265
-16.162325812267753,-15.962505368230943,-16.062415590249348,-0.19982044403680987
-17.0653008068298,-17.224185047190694,-17.14474292701025,0.15888424036089432
-14.634477453049954,-14.571240553011068,-14.60285900303051,-0.06323690003888593
-14.659771447296905,-14.54827555769666,-14.604023502496783,-0.11149588960024381
-17.48050694050798,-17.307927050080274,-17.394216995294126,-0.1725798904277056
-16.74985263802954,-16.84742487257297,-16.798638755301255,0.09757223454342778
-16.12519812750312,-16.042481545999422,-16.08383983675127,-0.08271658150369632
-15.660379781999515,-15.654086690794458,-15.657233236396987,-0.006293091205057166
-15.35420102996051,-15.321551573216817,-15.337876301588665,-0.032649456743692795
-15.770015902297068,-15.753166099771926,-15.761591001034496,-0.01684980252514201
-18.78177899159883,-18.798056869730075,-18.78991793066445,0.016277878131244705
-15.917767305864324,-16.05631287654963,-15.987040091206977,0.13854557068530582
-15.024376689046393,-14.980990227017365,-15.002683458031878,-0.043386462029028294
-16.840050033291153,-16.49636492401994,-16.668207478655546,-0.3436851092712132
-17.0516334278305,-16.90162368459173,-16.976628556211114,-0.15000974323876903
-15.144117642688098,-15.038815353410289,-15.091466498049193,-0.10530228927780882
-19.193520139693575,-19.11536370202422,-19.154441920858897,-0.07815643766935665
-15.395135582598193,-15.505627846790858,-15.450381714694526,0.11049226419266489
-17.867241348337544,-17.57520195657048,-17.721221652454012,-0.2920393917670623
-16.393301645980173,-16.197263147849828,-16.295282396915,-0.19603849813034557
-18.996026328317374,-19.285328610893238,-19.140677469605308,0.2893022825758642
-17.543953441986744,-17.444943775945525,-17.494448608966135,-0.09900966604121919
-20.308931873999857,-20.445115530377485,-20.377023702188673,0.13618365637762864
-16.729939842179864,-16.52485599701539,-16.627397919597627,-0.20508384516447364
-15.845424636927927,-15.781239632659965,-15.813332134793946,-0.06418500426796214
-18.309999536464982,-18.302694964372314,-18.306347250418646,-0.0073045720926678825
-16.22297140511919,-16.073335174799162,-16.148153289959176,-0.14963623032002715
-18.790986298806395,-18.574604858543182,-18.68279557867479,-0.2163814402632127
-17.469752892811453,-17.422201452318575,-17.445977172565016,-0.04755144049287807
-15.04156687476849,-14.959860146784209,-15.00071351077635,-0.08170672798428136
-17.142395023335485,-17.182132259047854,-17.16226364119167,0.03973723571236931
-17.34094232937323,-17.012248609278238,-17.176595469325733,-0.32869372009499287
-15.962928520422944,-15.98335390926859,-15.973141214845768,0.020425388845646708
-17.56448175610377,-17.54397598318409,-17.55422886964393,-0.020505772919680254
-18.64560570951939,-19.258516263822735,-18.952060986671064,0.612910554303344
-18.538827298614013,-18.572659817779407,-18.55574355819671,0.03383251916539365
-15.565461132718776,-15.43770365893079,-15.501582395824784,-0.12775747378798563
-15.837136186045432,-15.772361750792108,-15.804748968418771,-0.06477443525332482
-17.709733287517512,-17.29558249971611,-17.502657893616814,-0.41415078780140036
-15.242226079405624,-15.210858518341634,-15.226542298873628,-0.03136756106398941
-15.106411001185712,-15.018317606818666,-15.06236430400219,-0.08809339436704633
-18.768090912529722,-18.448752596829422,-18.608421754679572,-0.3193383157002998
-21.057131838521503,-20.867075547580868,-20.962103693051183,-0.19005629094063536
-17.34653592265322,-17.304238650169573,-17.3253872864114,-0.042297272483647674
-16.72355311064231,-16.66944611244944,-16.696499611545875,-0.05410699819287146
-21.708781672404186,-22.497284889331738,-22.10303328086796,0.7885032169275519
-17.929384511043587,-18.103738159209996,-18.01656133512679,0.17435364816640941
-16.090329657074186,-16.21667833525195,-16.153503996163067,0.12634867817776296
-15.666378052708364,-15.762017222055,-15.714197637381682,0.09563916934663652
-19.631198190494224,-19.941597223304324,-19.786397706899272,0.31039903281009984
-17.789060392142783,-17.45137800407276,-17.620219198107772,-0.3376823880700215
-18.928163309636748,-19.31040116184652,-19.119282235741636,0.3822378522097729
-15.683139434591663,-15.697824284599871,-15.690481859595767,0.014684850008208628
-15.886265254517546,-15.769472047528705,-15.827868651023126,-0.11679320698884155
-16.111483385113075,-16.204804426809183,-16.15814390596113,0.09332104169610744
-18.78999027871775,-18.97247137107946,-18.881230824898605,0.18248109236171217
-16.26526357966887,-16.17417380961097,-16.21971869463992,-0.09108977005789853
-16.208266688479142,-16.07463391406828,-16.14145030127371,-0.13363277441086296
-17.726830922569423,-17.767916237041376,-17.747373579805398,0.04108531447195318
-16.692415372994063,-16.565001509267127,-16.628708441130595,-0.12741386372693597
-16.04736550432211,-15.806686629042606,-15.927026066682357,-0.24067887527950305
-16.36720405480497,-16.897529633302288,-16.632366844053628,0.5303255784973189
-15.109149171274463,-15.173704135155592,-15.141426653215028,0.06455496388112891
-15.292575006693285,-15.242626296359294,-15.26760065152629,-0.049948710333991286
-18.453228314561148,-18.415033212066426,-18.43413076331379,-0.03819510249472202
-16.57791041684276,-16.207978329446004,-16.39294437314438,-0.3699320873967551
-16.945162788494404,-16.904539913740372,-16.92485135111739,-0.04062287475403181
-15.184223135895206,-15.127692423359132,-15.155957779627169,-0.056530712536073224
-15.802649899960548,-15.810515895959483,-15.806582897960016,0.00786599599893556
-17.23048944174084,-17.14223608275269,-17.186362762246766,-0.08825335898815112
-15.706520623513745,-15.688646735557764,-15.697583679535754,-0.01787388795598055
-17.056977873103015,-18.399089767988716,-17.728033820545868,1.3421118948857007
-16.188027155854705,-16.137613854211942,-16.162820505033324,-0.05041330164276303
-16.62644478190923,-16.680803064667217,-16.653623923288222,0.05435828275798826
-17.267635179287065,-17.20020173202285,-17.23391845565496,-0.06743344726421441
-15.799568547929011,-15.702958948737525,-15.751263748333269,-0.0966095991914866
-16.38132888224682,-16.433255446624862,-16.40729216443584,0.05192656437804288
-16.19718322879389,-16.88155342175058,-16.539368325272235,0.6843701929566919
-16.55838200256929,-16.696300400374508,-16.6273412014719,0.13791839780521897
-15.292595466574161,-15.322886272149315,-15.307740869361737,0.030290805575154067
-17.684502895786974,-17.835132550495985,-17.75981772314148,0.1506296547090109
-16.603156658553086,-16.346107206324817,-16.474631932438953,-0.25704945222826936
-15.42510659100039,-15.406597145218655,-15.415851868109522,-0.018509445781734968
-17.682837977063222,-17.715301122465,-17.69906954976411,0.03246314540177764
-17.47390085388023,-17.400259220774856,-17.437080037327544,-0.07364163310537464
-18.93875991555946,-18.40606588253539,-18.672412899047423,-0.5326940330240681
-16.535929036625657,-16.541884969294188,-16.538907002959924,0.0059559326685310054
-16.27673591144402,-16.381729223174354,-16.329232567309187,0.10499331173033255
-15.91731880419858,-15.965130863646381,-15.94122483392248,0.04781205944780176
-16.58379559244737,-16.559980043085492,-16.57188781776643,-0.023815549361877686
-19.70678344319882,-19.542702855873827,-19.62474314953632,-0.16408058732499242
-16.90893204847927,-16.9061454781341,-16.907538763306682,-0.002786570345168826
-15.270109427535468,-15.234635873476055,-15.252372650505762,-0.035473554059413104
-16.14190933179505,-16.291096587877895,-16.216502959836472,0.1491872560828469
-17.080843270113526,-16.98061825531758,-17.030730762715553,-0.10022501479594581
-20.27986319078244,-20.43431021125119,-20.357086701016815,0.15444702046875136
-15.83083183055969,-15.644181174469914,-15.737506502514801,-0.1866506560897765
-18.386886846559655,-17.85982826790604,-18.123357557232847,-0.5270585786536159
-16.705833593704003,-16.83308082067971,-16.769457207191856,0.12724722697570812
-15.65562953311363,-15.768486087458651,-15.71205781028614,0.1128565543450204
-18.103508296418894,-17.951706919198397,-18.027607607808648,-0.15180137722049736
-17.095768090380687,-17.149232931517403,-17.122500510949045,0.05346484113671579
-16.605097744478197,-16.535676785290892,-16.570387264884545,-0.06942095918730473
-18.496115679387064,-18.531208773320472,-18.513662226353766,0.035093093933408426
-17.11888674787778,-16.927074408026495,-17.02298057795214,-0.19181233985128543
-16.44279364496603,-16.37611305607448,-16.409453350520256,-0.06668058889155049
-16.58372228246657,-16.40349525335654,-16.493608767911553,-0.18022702911003208
-16.7112936635689,-16.592669632232113,-16.651981647900506,-0.11862403133678612
-18.597805034923713,-18.663281943126414,-18.630543489025065,0.06547690820270091
-15.632006667519553,-15.427136029771834,-15.529571348645693,-0.2048706377477192
-17.051932476482158,-17.21321579115638,-17.13257413381927,0.16128331467422186
-15.870125530839008,-15.95711923802631,-15.91362238443266,0.08699370718730215
-16.808437842029424,-16.941861128263838,-16.87514948514663,0.13342328623441446
-16.60427794629214,-16.6346127001141,-16.61944532320312,0.030334753821961158
-16.634204188624906,-16.671911468002936,-16.65305782831392,0.03770727937802931
-15.844744091018681,-15.784675833778246,-15.814709962398464,-0.06006825724043452
-15.573953535384103,-15.48661148200993,-15.530282508697017,-0.08734205337417222
-19.327173657903092,-19.370785402538445,-19.348979530220767,0.04361174463535278
-15.305922746970909,-15.075173845747194,-15.19054829635905,-0.2307489012237145
-16.996180884579566,-16.951147321820606,-16.973664103200086,-0.04503356275895953
-15.632854256626315,-15.509541975205327,-15.57119811591582,-0.12331228142098816
-19.46765034985962,-19.303999979247266,-19.385825164553445,-0.16365037061235554
-16.747729219843798,-16.61889929663749,-16.683314258240642,-0.12882992320630748
-16.716410232759493,-16.65929693563546,-16.687853584197477,-0.057113297124033124
-19.34650684045155,-18.938784984934962,-19.142645912693254,-0.4077218555165878
-16.891725394250063,-16.86197955695491,-16.876852475602487,-0.029745837295152455
-16.272505221379166,-16.100658748385406,-16.186581984882288,-0.1718464729937601
-16.739833001125433,-16.683895482364075,-16.711864241744756,-0.05593751876135755
-14.747664099317667,-14.859335439608554,-14.80349976946311,0.11167134029088643
-16.2556775850254,-16.138303758598248,-16.196990671811825,-0.11737382642715133
-17.67675874879853,-17.482208636274272,-17.5794836925364,-0.1945501125242579
-20.98873940155419,-20.888882941225255,-20.938811171389723,-0.09985646032893669
-18.253249268692937,-18.320255248048454,-18.286752258370697,0.06700597935551755
-15.870140786724075,-15.832897249611584,-15.85151901816783,-0.03724353711249151
-19.44090372184405,-19.51799400253998,-19.479448862192015,0.07709028069592705
-17.96604066034411,-18.09226861729413,-18.029154638819122,0.12622795695002154
-16.198853301874667,-16.19328032714025,-16.19606681450746,-0.005572974734416647
-15.716143871679185,-15.882213644534541,-15.799178758106862,0.16606977285535685
-17.13989506225126,-17.11415214573362,-17.12702360399244,-0.025742916517639713
-15.861671684801145,-15.828729098749807,-15.845200391775476,-0.032942586051337486
-17.383366557196883,-17.396956781898815,-17.39016166954785,0.013590224701932385
-19.15435927557934,-18.815013789702178,-18.984686532640758,-0.3393454858771605
-17.50480875461952,-17.56454158820535,-17.534675171412438,0.059732833585830036
-15.544860206500159,-15.485762066831814,-15.515311136665986,-0.059098139668344984
-18.27716529464769,-18.03599072655948,-18.156578010603585,-0.24117456808821203
-18.465981161260146,-18.529373308806957,-18.49767723503355,0.06339214754681066
-16.636018042360647,-16.508500882932047,-16.572259462646347,-0.1275171594285993
-16.628574789830132,-16.393436364590702,-16.51100557721042,-0.2351384252394304
-18.331144065607617,-18.420451892296988,-18.375797978952303,0.08930782668937098
-17.035476782934374,-17.118250447637674,-17.076863615286022,0.08277366470329994
-19.678250687091413,-20.203849586399183,-19.941050136745297,0.52559889930777
-17.44559694439157,-17.411517916711084,-17.42855743055133,-0.03407902768048743
-17.279312759312436,-17.235940312837307,-17.257626536074874,-0.04337244647512861
-15.947953549348247,-15.983976236906896,-15.965964893127572,0.036022687558649125
-16.364735569529582,-16.926843149876937,-16.645789359703258,0.5621075803473552
-15.464306989506408,-15.297139211642131,-15.380723100574269,-0.16716777786427706
-14.92116677894739,-14.894536650755349,-14.907851714851368,-0.026630128192040914
-17.277632296696172,-17.366384018354587,-17.32200815752538,0.08875172165841505
-15.881216990128001,-15.868120261454994,-15.874668625791497,-0.013096728673007263
-18.526487910493557,-18.411218154883287,-18.468853032688422,-0.11526975561027086
-16.499132201094724,-16.38015503419004,-16.439643617642382,-0.11897716690468485
-15.679028506988361,-15.64959724103334,-15.66431287401085,-0.029431265955020436
-17.60681443054074,-17.074515334960054,-17.340664882750396,-0.5322990955806866
-17.103971750450377,-17.29957883510162,-17.201775292776,0.1956070846512432
-17.00918720962813,-16.74174996521436,-16.875468587421246,-0.26743724441377026
-18.504144938563613,-18.499205470229164,-18.50167520439639,-0.004939468334448804
-17.619908679937073,-17.503604438867065,-17.56175655940207,-0.11630424107000792
-16.728688280941284,-16.899253204786927,-16.813970742864107,0.17056492384564237
-17.068146938172504,-17.00194271181933,-17.035044824995914,-0.06620422635317524
-18.401601729237637,-18.44854650177256,-18.425074115505097,0.046944772534924795
-17.81128904988078,-17.78733789207222,-17.7993134709765,-0.023951157808561163
-22.879721593020573,-23.105683683966124,-22.99270263849335,0.22596209094555064
-16.835797864727244,-16.767430164660325,-16.801614014693783,-0.0683677000669185
-16.370582691175567,-16.311173463346563,-16.340878077261067,-0.05940922782900415
-18.107608823150855,-18.247975224312306,-18.17779202373158,0.14036640116145094
-18.52730068646427,-18.413391634722686,-18.47034616059348,-0.11390905174158306
-18.44665405762407,-18.297767637300694,-18.372210847462384,-0.1488864203233753
-18.170832416722437,-18.392946604925058,-18.281889510823746,0.22211418820262097
-17.905064156777705,-17.649620185956756,-17.77734217136723,-0.2554439708209486
-17.897791319810764,-17.8894415434386,-17.893616431624682,-0.00834977637216383
-18.403325545799554,-18.174479462217526,-18.28890250400854,-0.2288460835820274
-17.096655593841014,-16.99355838901383,-17.045106991427424,-0.10309720482718276
-18.70548984156437,-19.11579524507661,-18.910642543320492,0.4103054035122433
-17.6671348228354,-17.763117783031817,-17.71512630293361,0.09598296019641595
-19.312718555473694,-19.12302053947406,-19.217869547473875,-0.18969801599963532
-18.89220998342299,-18.728946655260724,-18.810578319341857,-0.16326332816226596
-17.969966226320405,-17.70399199071757,-17.83697910851899,-0.26597423560283673
-18.106125185334292,-18.07239215150445,-18.08925866841937,-0.033733033829843606
-20.695161575244324,-21.004711727756074,-20.8499366515002,0.30955015251175055
-19.047504784098273,-18.945672887390828,-18.99658883574455,-0.10183189670744497
-16.449604492692224,-16.781530248117768,-16.615567370404996,0.33192575542554437
-17.87659603107362,-17.994365967931003,-17.93548099950231,0.11776993685738191
-17.754249765101576,-17.622256835179535,-17.688253300140556,-0.13199292992204192
-17.939411876454813,-18.047587197410977,-17.993499536932895,0.108175320956164
-16.584272572021483,-16.625638488345164,-16.604955530183325,0.04136591632368081
-17.794052339424944,-17.9039384488458,-17.848995394135372,0.10988610942085586
-17.32130764278021,-17.313042055924786,-17.317174849352497,-0.008265586855422669
-17.67863858930713,-17.299024037675984,-17.48883131349156,-0.3796145516311462
-17.92030688166889,-17.84877560550741,-17.88454124358815,-0.0715312761614797
-18.27101999939334,-18.114256869861094,-18.192638434627217,-0.15676312953224425
-16.61442196593082,-16.523357698362062,-16.56888983214644,-0.09106426756875763
-15.57048748872342,-15.614423102338089,-15.592455295530755,0.0439356136146678
-17.691154284688995,-17.660315060562183,-17.675734672625588,-0.030839224126811615
-18.54878110984452,-18.505838242966163,-18.52730967640534,-0.0429428668783558
-18.7077102600961,-18.454622195887744,-18.581166227991922,-0.25308806420835595
-18.254474489371383,-18.344485569840536,-18.29948002960596,0.09001108046915363
-17.861380290203353,-17.833413817213295,-17.847397053708324,-0.027966472990058833
-18.93303955150216,-19.13335796959786,-19.033198760550007,0.2003184180957014
-17.458960650839376,-17.278448386742422,-17.3687045187909,-0.1805122640969543
-18.063571362665176,-18.294011880152958,-18.17879162140907,0.23044051748778216
-19.944861093395463,-19.577381467552613,-19.761121280474036,-0.36747962584285077
-17.795462153260456,-17.861817099133876,-17.828639626197166,0.06635494587342095
-18.133720043506084,-18.016792262803488,-18.075256153154786,-0.11692778070259635
-17.45467026235038,-17.39111644841446,-17.42289335538242,-0.06355381393591841
-17.79219809256525,-18.112565165150222,-17.952381628857736,0.3203670725849719
-16.279735115282033,-16.26182702624798,-16.270781070765004,-0.017908089034055052
-15.268976662005253,-15.154055308530634,-15.211515985267944,-0.11492135347461918
-16.439406389100935,-16.398757521708035,-16.419081955404486,-0.040648867392899746
-17.945879555713887,-18.066884295505027,-18.006381925609457,0.12100473979113957
-19.971943293287257,-19.941923220345636,-19.95693325681645,-0.030020072941621123
-17.126304444784754,-17.2694703203145,-17.197887382549627,0.14316587552974624
-18.816012958935172,-18.721401918411164,-18.768707438673168,-0.0946110405240077
-16.782928846248343,-16.60671213738573,-16.694820491817037,-0.17621670886261143
-18.04042228207405,-18.153652972819607,-18.09703762744683,0.11323069074555647
-17.838245137396438,-17.928006379910613,-17.883125758653527,0.08976124251417517
-18.703258013248746,-18.32921528737634,-18.516236650312543,-0.37404272587240683
-16.499115493187052,-16.579094780587425,-16.539105136887237,0.07997928740037352
-18.568859259784535,-18.441072554371964,-18.50496590707825,-0.12778670541257142
-18.860437872464114,-19.955519496304028,-19.40797868438407,1.0950816238399135
-17.830623437845404,-17.845243239917007,-17.837933338881207,0.014619802071603516
-15.888995214370807,-15.881840551451486,-15.885417882911145,-0.0071546629193210975
-17.678495815366865,-17.593517911383938,-17.6360068633754,-0.08497790398292793
-15.69438028093293,-15.680181188346285,-15.687280734639607,-0.014199092586643758
-17.380291425191917,-17.178265218561577,-17.279278321876745,-0.20202620663033954
-16.240255615916016,-16.317621554945717,-16.278938585430865,0.07736593902970057
-20.962006989874176,-20.07593356868017,-20.518970279277173,-0.8860734211940056
-17.15219710862259,-17.314164758913982,-17.23318093376829,0.16196765029139115
-16.55769662398203,-16.730589817358474,-16.64414322067025,0.1728931933764457
-17.63885517142599,-17.551501627947385,-17.595178399686688,-0.08735354347860635
-18.52260752096646,-18.430440031454822,-18.47652377621064,-0.09216748951163822
-19.68973765999158,-19.36533900486269,-19.527538332427135,-0.32439865512888844
-17.989600120571904,-18.09035646394524,-18.039978292258574,0.10075634337333739
-16.49415104893,-16.028374408705957,-16.26126272881798,-0.46577664022404264
-14.606681579170472,-14.486459237856513,-14.546570408513492,-0.12022234131395848
-17.6960536854391,-17.674141019792167,-17.685097352615635,-0.021912665646933505
-15.475859541848223,-15.309968273741127,-15.392913907794675,-0.16589126810709587
-17.27123171470959,-17.366627078786074,-17.318929396747833,0.09539536407648441
-14.356424158338186,-14.157903162349612,-14.257163660343899,-0.19852099598857365
-16.499578196391997,-16.258218803007516,-16.37889849969976,-0.24135939338448154
-16.154317979678286,-16.398911150590862,-16.276614565134572,0.2445931709125766
-17.407050894205618,-17.475973433202725,-17.44151216370417,0.0689225389971071
-17.150060082033992,-17.254656359701173,-17.20235822086758,0.10459627766718071
-18.499607573885964,-18.558411002520373,-18.52900928820317,0.058803428634409016
-18.295250907145174,-18.10816817611808,-18.20170954163163,-0.18708273102709327
-16.08780266269425,-16.06173719433862,-16.074769928516435,-0.026065468355632504
-17.994315490766876,-17.96030826973476,-17.977311880250817,-0.034007221032116064
-20.434926181279998,-20.3878075405689,-20.41136686092445,-0.047118640711097726
-16.296041299292856,-16.91530296612641,-16.605672132709635,0.6192616668335553
-16.271097629556806,-16.36723479043951,-16.31916620999816,0.09613716088270507
-14.821356497446905,-14.873872373614038,-14.84761443553047,0.05251587616713316
-18.085373673584996,-18.24454445176933,-18.164959062677163,0.15917077818433256
-16.239163919017884,-16.180519030762447,-16.209841474890165,-0.058644888255436456
-14.72513728203433,-14.67917630739415,-14.70215679471424,-0.04596097464018101
-17.59083675523993,-17.697489963192876,-17.644163359216403,0.1066532079529452
-18.512602423486236,-18.632513860647634,-18.572558142066935,0.11991143716139874
-14.774677543182237,-14.892160913571757,-14.833419228376997,0.11748337038951995
-17.465708739918263,-17.350077634329537,-17.4078931871239,-0.1156311055887258
-15.29352394191913,-15.267768387371852,-15.280646164645491,-0.025755554547277626
-15.810187368983375,-15.602023296243118,-15.706105332613246,-0.2081640727402565
-17.004203522402992,-16.955404072198412,-16.979803797300704,-0.0487994502045801
-18.03106655518332,-18.10028787170134,-18.065677213442328,0.06922131651802133
-15.52351874960369,-15.317905965995372,-15.42071235779953,-0.20561278360831814
-16.01276446588301,-16.188055716400505,-16.100410091141757,0.17529125051749617
-15.805715681039652,-15.774939014347511,-15.790327347693582,-0.030776666692140964
-17.319167309704678,-17.444414564257976,-17.381790936981325,0.12524725455329744
-16.024855887155574,-15.921094698099164,-15.97297529262737,-0.10376118905641007
-15.589581627993718,-15.544459205585234,-15.567020416789475,-0.0451224224084843
-17.1902299081029,-17.07575161781039,-17.132990762956645,-0.11447829029251011
-15.078699277222283,-14.964883295191957,-15.021791286207119,-0.11381598203032617
-17.383217147950973,-17.665678680244895,-17.524447914097934,0.28246153229392235
-20.220046213489425,-20.061840027668232,-20.14094312057883,-0.15820618582119295
-16.241725275632255,-16.184218026632884,-16.21297165113257,-0.05750724899937154
-16.463267662695703,-16.454094641206176,-16.45868115195094,-0.009173021489527144
-17.255374907692428,-17.228076679517827,-17.241725793605127,-0.027298228174601036
-15.002668620643844,-14.970965705998704,-14.986817163321273,-0.0317029146451393
-18.223029165763545,-18.270351424072423,-18.246690294917983,0.04732225830887771
-16.418710357391205,-16.49079595346718,-16.454753155429195,0.07208559607597564
-15.118490230764998,-14.90304980608155,-15.010770018423273,-0.21544042468344848
-16.797253318765033,-16.763996056790706,-16.78062468777787,-0.033257261974327434
-15.455637762098172,-15.497219715905405,-15.47642873900179,0.04158195380723306
-17.543438314618392,-17.59779607821977,-17.57061719641908,0.05435776360137723
-14.785612884733146,-14.554137152287193,-14.669875018510169,-0.23147573244595243
-15.524670949428147,-15.442240594417065,-15.483455771922607,-0.08243035501108231
-16.302345113730176,-16.182731357584846,-16.242538235657513,-0.11961375614533054
-16.442356587095016,-16.283601762174165,-16.36297917463459,-0.1587548249208517
-16.51107847125583,-16.4194731792762,-16.465275825266012,-0.0916052919796293
-17.8458890673743,-17.792267945804852,-17.819078506589577,-0.053621121569449315
-17.588814277556136,-17.16602443949342,-17.377419358524776,-0.422789838062716
-16.941115937367424,-17.150868617063313,-17.04599227721537,0.20975267969588884
-16.0443186211842,-15.876076868899258,-15.960197745041729,-0.16824175228494198
-14.20558162460397,-14.135367266313768,-14.170474445458868,-0.07021435829020284
-14.523244403995003,-14.425510331268008,-14.474377367631504,-0.09773407272699508
-18.239568283236746,-19.88923084650183,-19.06439956486929,1.6496625632650854
-19.0471730762,-18.819506885294164,-18.933339980747082,-0.22766619090583617
-17.026922812497784,-17.272462166414545,-17.149692489456164,0.24553935391676163
-16.02512514243083,-15.798694118908092,-15.911909630669461,-0.22643102352273914
-17.917391883114625,-17.707543451787334,-17.81246766745098,-0.20984843132729125
-16.822858067997434,-16.768431112222586,-16.795644590110008,-0.05442695577484713
-16.914075299139487,-16.679118966963447,-16.796597133051467,-0.23495633217603995
-18.833011995974296,-19.02897947393869,-18.930995734956493,0.19596747796439473
-15.031462221245803,-14.978450524300388,-15.004956372773096,-0.053011696945414855
-15.897302095869456,-15.918192800188171,-15.907747448028815,0.02089070431871498
-15.51517623313555,-15.600628088772813,-15.557902160954182,0.08545185563726321
-19.528538543862172,-19.055511643524664,-19.292025093693418,-0.4730269003375085
-18.796306544811028,-18.963766919999046,-18.88003673240504,0.1674603751880177
-15.592736292856419,-15.452651910567045,-15.522694101711732,-0.14008438228937337
-15.41967509193612,-15.442738746966512,-15.431206919451316,0.023063655030391317
-16.969791237516247,-16.9320339057897,-16.950912571652974,-0.03775733172654583
-16.151694319275407,-15.924926980095933,-16.03831064968567,-0.22676733917947445
-16.411569802850085,-16.511313462170655,-16.461441632510372,0.09974365932056983
-15.630853963006373,-15.67176235111469,-15.651308157060532,0.040908388108316984
-16.97769747341622,-16.55488691382718,-16.7662921936217,-0.4228105595890419
-14.567789541492742,-14.408745208621923,-14.488267375057333,-0.15904433287081865
-16.624775853043726,-16.59763071758011,-16.611203285311916,-0.0271451354636163
-17.103341195482553,-17.030810775558926,-17.067075985520738,-0.07253041992362697
-16.74232938016977,-16.609956381075204,-16.676142880622486,-0.13237299909456723
-15.35981997584939,-15.245499577392643,-15.302659776621017,-0.1143203984567478
-15.684355333326389,-15.638780686632892,-15.66156800997964,-0.0455746466934972
-14.586180030107597,-14.456509714952881,-14.52134487253024,-0.1296703151547156
-15.104201165825206,-15.110456877673672,-15.10732902174944,0.00625571184846585
-14.962959076908177,-14.842222032289172,-14.902590554598675,-0.12073704461900547
-18.522857395972057,-18.337440961880127,-18.430149178926094,-0.18541643409193043
-14.451219829417775,-14.532325912008773,-14.491772870713273,0.08110608259099727
-16.97506726180772,-17.1271364960471,-17.051101878927412,0.1520692342393808
-16.770541337996843,-16.934525733578866,-16.852533535787856,0.16398439558202327
-18.177429848706073,-18.297168147877763,-18.23729899829192,0.11973829917168999
-15.223521197950086,-15.677061934101992,-15.450291566026038,0.45354073615190593
-17.33808231625174,-17.32446021743151,-17.331271266841625,-0.013622098820228246
-16.675985751382115,-16.84206872862449,-16.759027240003302,0.1660829772423753
